CREW_ID,CREW_NAME,CREW_ROLE,FLIGHT_ID
101,Sander Wallicker,'Cabin Crew',1033
102,Sari Lillo,'Cabin Crew',1181
103,Lin Gabb,'In-Flight Service Manager',1224
104,Debbi Delicate,'Purser',1461
105,Brietta Braban,'Junior Flight Attendant',1079
106,Elenore Jess,'Flight Attendant',1118
107,Lambert Manicomb,'In-Flight Service Manager',1172
108,Marco Harner,'Cabin Crew',1159
109,Rosetta Hylton,'Flight Attendant',1481
110,Liesa Falcus,'Cabin Crew',1125
111,Johnathan Desport,'Junior Flight Attendant',1009
112,Flossie Whyteman,'Senior Flight Attendant',1489
113,Thorndike Vivers,'Cabin Crew',1038
114,Weston Billsberry,'Cabin Crew',1002
115,Denni deKnevet,'Junior Flight Attendant',1254
116,Skipp Brouard,'Cabin Crew',1086
117,Johnnie Smitton,'First Officer',1118
118,Grantham Farnin,'Cabin Services Supervisor',1397
119,Tuck Bugs,'Second Officer',1451
120,Odille Krause,'Cabin Crew',1185
121,Dixie Quarrington,'Cabin Services Supervisor',1458
122,Doretta MacKerley,'Cabin Crew',1496
123,Derk Sellack,'Cabin Services Supervisor',1406
124,Marnie Rowson,'Flight Attendant',1363
125,Dione Hurtado,'Flight Attendant',1247
126,Loise Nelsen,'Cabin Crew',1197
127,Stanleigh Pickerin,'Medical Officer',1473
128,Arlina Cresser,'In-Flight Service Manager',1134
129,Keeley Jefford,'Flight Attendant',1227
130,Suzi MacMurray,'Flight Attendant',1346
131,Alica Allwood,'Cabin Crew',1170
132,Hersh Tregust,'Cabin Crew',1347
133,Blondelle Pinch,'Flight Attendant',1170
134,Herold Furniss,'Lead Flight Attendant',1419
135,Brenden Millichip,'Senior Flight Attendant',1384
136,Marchelle Purselow,'Flight Attendant',1026
137,Tomi Holdin,'Safety Officer',1154
138,Morgen Bromhead,'Flight Attendant',1413
139,Julianne Livermore,'Junior Flight Attendant',1183
140,Elijah Medler,'Flight Attendant',1373
141,Zeb Dalliston,'Flight Attendant',1359
142,Blondie Amorine,'Captain',1185
143,Georas Brymham,'Cabin Crew',1170
144,Twila Gaspero,'Flight Attendant',1249
145,Jenda Gopsall,'Purser',1153
146,Cyril Dalli,'Cabin Crew',1007
147,Vivienne Piercy,'Cabin Crew',1178
148,Tisha Gerlack,'Flight Attendant',1029
149,Jeanie Norcross,'Cabin Crew',1332
150,Wiatt Milne,'Cabin Crew',1401
151,Lebbie Berrane,'Safety Officer',1180
152,Caye Mowles,'Flight Attendant',1384
153,Rufus Honig,'Cabin Crew',1282
154,Spenser Ephson,'Junior Flight Attendant',1074
155,Orella Varran,'Senior Flight Attendant',1389
156,Christos Simonassi,'Cabin Crew',1290
157,Elvera Froment,'Junior Flight Attendant',1463
158,Abelard Danihelka,'Cabin Crew',1192
159,Chelsae Coughan,'Cabin Crew',1246
160,Minor Redfearn,'Lead Flight Attendant',1001
161,Winn Denton,'Junior Flight Attendant',1208
162,Neda Nail,'Cabin Crew',1448
163,Reinald Reddel,'Cabin Crew',1246
164,Biddy Carnihan,'Flight Attendant',1132
165,Gaylor Chidzoy,'Cabin Crew',1095
166,Mose Baptist,'Cabin Crew',1159
167,Curtice McCallum,'Medical Officer',1105
168,Sybila Bunkle,'In-Flight Service Manager',1470
169,Jordan Faucherand,'Lead Flight Attendant',1059
170,Sissie Dast,'Cabin Crew',1142
171,Charmain Risson,'Second Officer',1352
172,Richard Hemerijk,'First Officer',1385
173,Ninnette Rymill,'Cabin Crew',1116
174,Renaud De la Eglise,'Junior Flight Attendant',1084
175,Elberta Porcher,'Lead Flight Attendant',1205
176,Kamilah Finby,'Cabin Crew',1362
177,Flem Dwire,'Cabin Crew',1341
178,Brigitta Guidini,'Cabin Services Supervisor',1033
179,Anselm O'Teague,'Cabin Crew',1374
180,Annabal Burrett,'First Officer',1303
181,Jeni Haberjam,'Cabin Crew',1499
182,Sarene Carolan,'Cabin Crew',1313
183,Blake Dowears,'Captain',1309
184,Manda Taillard,'In-Flight Service Manager',1287
185,Gail Aldwich,'Cabin Crew',1323
186,Vin Dohr,'Flight Engineer',1452
187,Jonah Yablsley,'Cabin Services Supervisor',1293
188,Jimmie Cuppitt,'Cabin Crew',1018
189,Drusy Schruurs,'Cabin Crew',1390
190,Bibby Craze,'Cabin Crew',1326
191,Mal Bartrop,'Flight Attendant',1228
192,Garreth Segges,'First Officer',1489
193,Tammy Buttery,'Captain',1350
194,Denyse Schops,'Lead Flight Attendant',1008
195,Jamima Mathwen,'Cabin Crew',1362
196,Lynett Rudkin,'Second Officer',1487
197,Haroun Nutten,'Cabin Crew',1001
198,Anne-marie Edmundson,'Cabin Crew',1469
199,Tommie Syms,'Cabin Crew',1336
200,Anderson Killich,'Senior Flight Attendant',1353
