CREW_ID,CREW_NAME,CREW_ROLE
1,Lennard Churms,Senior Flight Attendant
2,Mella Hatrey,Purser
3,Devonne Mattecot,Purser
4,Holmes Ramsier,Safety Officer
5,Merla Crosetti,First Officer
6,Arluene McClymond,Cabin Services Supervisor
7,Editha Dearle,Senior Flight Attendant
8,Lurline Gill,Cabin Services Supervisor
9,Gavan Crawcour,Flight Attendant
10,Brandie Elks,Flight Engineer
11,Tove Pauncefoot,First Officer
12,Othella Farris,Senior Flight Attendant
13,Gayler Hellmer,Cabin Services Director
14,Ellissa Coke,Lead Flight Attendant
15,Tiffanie Moxstead,Flight Engineer
16,Gifford Crookshanks,Senior Flight Attendant
17,Tova Hadwick,Medical Officer
18,Melba Anderl,Cabin Services Supervisor
19,Florella Crowley,In-Flight Service Manager
20,Amye Pilfold,Senior Flight Attendant
21,Erie Wigzell,Cabin Services Supervisor
22,Rosita Simoneau,Cabin Services Supervisor
23,Shaughn Hylands,Medical Officer
24,Ronnie Batter,Junior Flight Attendant
25,Karoly Zellick,Flight Attendant
26,Hill Chardin,Cabin Services Director
27,Augustine Freund,Second Officer
28,Koo Burwell,Flight Attendant
29,Filberte Hefferan,Junior Flight Attendant
30,Estrella Comellini,Flight Engineer
31,Bernardo Librey,Flight Attendant
32,Binnie Deplacido,Medical Officer
33,Elisa Barhem,In-Flight Service Manager
34,Dunc Peffer,First Officer
35,Milly McCotter,Captain
36,Scarface Minocchi,Cabin Services Supervisor
37,Duane Butland,Cabin Services Director
38,Jolynn Fellini,Medical Officer
39,Margarette Ruddy,Medical Officer
40,Theda Brickner,Lead Flight Attendant
41,Benjie Langdon,Second Officer
42,Max Khilkov,Medical Officer
43,Prissie Antoney,Second Officer
44,Nicholas Joliffe,Second Officer
45,Seumas Deniset,Purser
46,Margalit Lathee,Junior Flight Attendant
47,Ola Santon,Purser
48,Evaleen Stolberger,Purser
49,Aube Trethowan,Captain
50,Frayda Buggs,Safety Officer
51,Jordana Phillput,Second Officer
52,Roselia Gulc,In-Flight Service Manager
53,Virgie Paterson,Second Officer
54,Jolene Ashman,Purser
55,Shaine Bolsover,Purser
56,Danella Angric,Cabin Services Director
57,Bernadene Mackilpatrick,Flight Engineer
58,Philis Edge,Purser
59,Odilia Marland,Lead Flight Attendant
60,Edgard Prescote,Cabin Crew
61,Jim Senechell,Captain
62,Zebulon Collomosse,Captain
63,Gretal Jiricka,Medical Officer
64,Melloney Clubley,Cabin Services Director
65,Anissa Shoosmith,Safety Officer
66,Duky Jiricka,Purser
67,Maxwell McBrearty,Lead Flight Attendant
68,Tan Petri,In-Flight Service Manager
69,Filippa Abramamov,Senior Flight Attendant
70,Othelia Chessil,Flight Attendant
71,Aprilette Strathern,Cabin Services Director
72,Jock Crawshay,Junior Flight Attendant
73,Gaile Fancet,Flight Attendant
74,Charity Westphalen,Flight Engineer
75,Hobart Kees,Lead Flight Attendant
76,Royce Hablet,Second Officer
77,Fidelia Wolfe,Purser
78,Heddi Rosier,In-Flight Service Manager
79,Basia Papes,Cabin Services Supervisor
80,Vally Paulus,Cabin Services Supervisor
81,Diane Aldhouse,Senior Flight Attendant
82,Roseline Farrance,Captain
83,Bancroft Cordy,Flight Attendant
84,Jobina Constant,Junior Flight Attendant
85,Rorie Crolla,Flight Attendant
86,Amargo Lamminam,Lead Flight Attendant
87,Anton Simnor,In-Flight Service Manager
88,Arleta MacDougal,Captain
89,Gunter Cestard,Cabin Crew
90,Standford Sawforde,Purser
91,Bunnie Gorgler,Safety Officer
92,Cross Deathridge,Medical Officer
93,Shandeigh Lamb-shine,Second Officer
94,Erminia Puvia,Captain
95,Thatcher Bemand,Safety Officer
96,Bay Bottini,Flight Engineer
97,Thomasine Le Gallo,Senior Flight Attendant
98,Deeanne Wealthall,Lead Flight Attendant
99,Justina Staines,Cabin Services Director
100,Charyl Bodycote,Cabin Services Director
101,Rochell Russe,Lead Flight Attendant
102,Rubia Jervois,Junior Flight Attendant
103,Gerardo Wormleighton,Captain
104,Effie Fitzsymonds,Junior Flight Attendant
105,Edsel McLenaghan,Lead Flight Attendant
106,Demetre Dradey,Junior Flight Attendant
107,Clive Midford,Safety Officer
108,Duff Yellep,Purser
109,Tyler Fingleton,Medical Officer
110,Eba Tattershall,Safety Officer
111,Raquela Bissett,Second Officer
112,Nathaniel Hagley,Junior Flight Attendant
113,Casar Sneezem,Captain
114,Krystalle Naulty,Second Officer
115,Allissa Sill,Cabin Crew
116,Jodie Sally,Purser
117,Josias Yitzhak,First Officer
118,Cherise Le Grice,Medical Officer
119,Flossi Outlaw,Cabin Services Supervisor
120,Lani Harragin,Safety Officer
121,Collen Kruschov,First Officer
122,Nikos Tinto,Senior Flight Attendant
123,Lutero Glavias,Junior Flight Attendant
124,Marius Billin,Captain
125,Earle Vellender,Medical Officer
126,Truda Bain,Flight Attendant
127,Giustino Tellenbach,First Officer
128,Lainey Strognell,Cabin Services Director
129,Rebbecca Mogenot,Captain
130,Taber Shaves,Medical Officer
131,Shena LLelweln,Purser
132,Brina Rupel,Captain
133,Elizabeth Adamolli,Junior Flight Attendant
134,Adham Wile,Cabin Crew
135,Abbe Hadlington,Purser
136,Claretta Romaine,Cabin Crew
137,Osbourn Magne,First Officer
138,Derk McGilvray,Medical Officer
139,Lauryn Cornelisse,In-Flight Service Manager
140,Chan Oldacre,Purser
141,Blair Ranyelld,Captain
142,Albert Busch,Safety Officer
143,Caralie Dripps,Purser
144,Lazarus Petkens,Cabin Services Supervisor
145,Jamima Westfalen,First Officer
146,Doyle Dutnall,Flight Engineer
147,Janith Catley,Captain
148,Babette Caughan,Second Officer
149,Demetre Khrishtafovich,Senior Flight Attendant
150,Luther Dack,Safety Officer
151,Tamma Pettican,Purser
152,Margit Aharoni,Flight Engineer
153,Jami Shoreson,Medical Officer
154,Dunc Magner,Cabin Services Supervisor
155,Petronella Toffetto,First Officer
156,Carey Bosomworth,Medical Officer
157,Rodrique Jeanenet,Lead Flight Attendant
158,Caroljean Ridsdell,Purser
159,Orrin Songust,Cabin Services Director
160,Emalia Birley,Second Officer
161,Kalina Agiolfinger,In-Flight Service Manager
162,Bonni Cleaveland,Purser
163,Abbye Scammonden,Cabin Crew
164,Brooke Brownsett,Medical Officer
165,Camellia Clawe,Second Officer
166,Mikol Studdert,Cabin Crew
167,Cirilo Hutchison,Flight Engineer
168,Christoffer Kienzle,Flight Engineer
169,Goldy Elcum,Junior Flight Attendant
170,Trudie Angrock,Lead Flight Attendant
171,Merle De Wolfe,Flight Attendant
172,Jenny Cockerton,Second Officer
173,Mallory Schulz,Flight Engineer
174,Weidar Brearton,Senior Flight Attendant
175,Garald Rounsivall,Cabin Services Supervisor
176,Almeta Boydle,Cabin Crew
177,Dasya Poulglais,First Officer
178,Hamnet Laborde,Flight Engineer
179,Des Potteridge,First Officer
180,Frederic Gonsalo,In-Flight Service Manager
181,Barbabas Gueste,Purser
182,Cordie Plum,Cabin Services Director
183,Iorgo Andrini,First Officer
184,Maxy Ethridge,Cabin Services Director
185,Bertina Brakespear,In-Flight Service Manager
186,Armin Bedinn,Cabin Services Supervisor
187,Charline Florence,Safety Officer
188,Alessandra Christmas,Purser
189,Tobias Andriuzzi,First Officer
190,Konstanze Westrey,Cabin Services Supervisor
191,Gnni Hannaford,Junior Flight Attendant
192,Ferdie Burfoot,Senior Flight Attendant
193,Joshuah Stubbes,In-Flight Service Manager
194,Anatol Widd,Safety Officer
195,Gennie Martinec,Cabin Services Supervisor
196,Mehetabel MacKey,Lead Flight Attendant
197,Casey Fucher,Cabin Crew
198,Vannie Grisdale,Senior Flight Attendant
199,Betta Gonin,Safety Officer
200,Randee Caush,Medical Officer
201,Sheena O'Reagan,Flight Attendant
202,Viviana Peniman,Junior Flight Attendant
203,Rosene Morilla,Safety Officer
204,Chrysa Somerscales,Medical Officer
205,Donnamarie Gartenfeld,Cabin Services Director
206,Andeee Orrey,Purser
207,Quentin Haulkham,Second Officer
208,Nola Waistall,Lead Flight Attendant
209,Morley Druhan,Senior Flight Attendant
210,Andrew Carous,Safety Officer
211,Marje Verdun,First Officer
212,Danella Hurdedge,Captain
213,Bryanty Waddilow,Cabin Services Supervisor
214,Cristin Greenin,Cabin Crew
215,Georgia Purbrick,First Officer
216,Jolyn Wittleton,Purser
217,Hersch Correa,Flight Attendant
218,Gipsy McFater,Flight Engineer
219,Merrick Zylberdik,Cabin Services Supervisor
220,Miquela Bettanay,Captain
221,Rand Puig,Second Officer
222,Glenda Clibbery,Flight Engineer
223,Sidnee Pipe,Flight Attendant
224,Nancee Bothen,In-Flight Service Manager
225,Locke Guilloneau,Cabin Services Director
226,Sharon Halgarth,Lead Flight Attendant
227,Lon Klicher,Cabin Services Director
228,Annmaria Challener,Cabin Services Supervisor
229,Carmelle Domsalla,Cabin Crew
230,Rosie Stonard,Safety Officer
231,Nolie Sambrok,Junior Flight Attendant
232,Trula Freund,Captain
233,Catherin Dodwell,Medical Officer
234,Alvie Doe,Cabin Services Director
235,Gavra Cragoe,In-Flight Service Manager
236,Basilio Lawee,Purser
237,Yale Scopyn,Cabin Services Supervisor
238,Therine Hurles,First Officer
239,Tildie Lared,Cabin Services Director
240,Britt Janicki,In-Flight Service Manager
241,Vail Ast,Lead Flight Attendant
242,Bette Easterbrook,Cabin Crew
243,Gloriane Jagger,Junior Flight Attendant
244,Renate Hannent,Cabin Services Supervisor
245,Kelby Rowena,Cabin Services Director
246,Lay Hickford,Cabin Services Supervisor
247,Alyssa Espine,Second Officer
248,Carlin Bushaway,Lead Flight Attendant
249,Blondell Beddoes,First Officer
250,Teirtza Nussii,Cabin Services Director
251,Blithe Tugman,Safety Officer
252,Ameline Boskell,Second Officer
253,Isidore Fildes,Senior Flight Attendant
254,Vernon Jestico,Second Officer
255,Delbert Matuszynski,Junior Flight Attendant
256,Averil Haydn,Lead Flight Attendant
257,Smitty Bould,Medical Officer
258,Maryanna Sharphouse,Purser
259,Rhetta Anders,First Officer
260,Marius Ather,Captain
261,Dario Leguay,Flight Engineer
262,Emmi Milch,Safety Officer
263,Grete Longhorne,Lead Flight Attendant
264,Scottie Turfin,Cabin Services Director
265,Joletta Yanin,Cabin Services Supervisor
266,Carry Harriagn,Second Officer
267,Derward Lamden,Cabin Crew
268,Conrado Couves,Senior Flight Attendant
269,Mariya Chislett,Flight Engineer
270,Evelin Kemitt,Lead Flight Attendant
271,Crystal Cajkler,Flight Engineer
272,Karleen Cowing,Medical Officer
273,Inness Gibbetts,Purser
274,Bette-ann Rickertsen,Captain
275,Annalise Papworth,Second Officer
276,Adella Emor,Captain
277,Malissia Futcher,In-Flight Service Manager
278,Antonio McCunn,Second Officer
279,Georgina Ree,Cabin Services Director
280,Guilbert Cathesyed,Cabin Crew
281,Barnie Hennington,Senior Flight Attendant
282,Rolland Cowperthwaite,Safety Officer
283,Robinette Gilffillan,Cabin Services Supervisor
284,Jacob Biglin,Second Officer
285,Georgeta Fendlen,Purser
286,Carmella Brumby,Safety Officer
287,Blaine Adds,Cabin Services Supervisor
288,Roma Terrett,Safety Officer
289,Alexandrina Laffoley-Lane,In-Flight Service Manager
290,Terrijo Clines,Purser
291,Hart Zecchini,Purser
292,Iggy Brace,Cabin Services Supervisor
293,Leslie Mumby,Junior Flight Attendant
294,Odille Garioch,Senior Flight Attendant
295,Gill Huntriss,Captain
296,Mason Crookes,Cabin Crew
297,Keenan Danev,Captain
298,Meredeth Bentote,Junior Flight Attendant
299,Tony Gerrens,Cabin Services Director
300,Verla Schukert,Captain
301,Luigi Epple,Flight Attendant
302,Ambrosius Pellitt,Cabin Services Supervisor
303,Fredra Blaik,Cabin Services Director
304,Garland Worton,Medical Officer
305,Norrie Bowley,Flight Engineer
306,Giffy Haysey,Captain
307,Briano Kesey,Cabin Crew
308,Freda Cratchley,Safety Officer
309,Ebenezer Rubinowitch,Safety Officer
310,Isabelle Alfuso,In-Flight Service Manager
311,Roberta Russan,Medical Officer
312,Horatia Kilbride,Medical Officer
313,Megan Hardwick,In-Flight Service Manager
314,Patrick Venmore,In-Flight Service Manager
315,Murray Beranek,Senior Flight Attendant
316,Melloney Chafer,Captain
317,Madison Cogin,Cabin Services Supervisor
318,Marvin Ficken,Purser
319,Armin Tellenbroker,In-Flight Service Manager
320,Robinett Ridler,Senior Flight Attendant
321,Lane Cutforth,Junior Flight Attendant
322,Gardiner Bohden,Cabin Services Director
323,Vinny Abramow,Cabin Services Director
324,Ozzie Hankard,Safety Officer
325,Madelle Braybrooke,In-Flight Service Manager
326,Elsinore Ridett,Safety Officer
327,Nalani Snowdon,Medical Officer
328,Hewe Canfer,Purser
329,Brear Summerside,Captain
330,Gerhardt Minigo,Cabin Crew
331,Byran Cumming,Cabin Services Supervisor
332,Cleavland Huxstep,Safety Officer
333,Anestassia Kyles,Second Officer
334,Wallis Snape,Flight Attendant
335,Paxton Brane,Flight Engineer
336,Emma Dearan,Purser
337,Nadeen Annice,Safety Officer
338,Giulietta Zamorano,In-Flight Service Manager
339,Ulick Pirrone,Flight Engineer
340,Moise Riseborough,First Officer
341,Saba Gimblet,Purser
342,Adriana Warratt,First Officer
343,Dacie Jaukovic,Captain
344,Linzy Stote,Safety Officer
345,Joye Talbot,Junior Flight Attendant
346,Pail Emlen,Flight Attendant
347,Winna Jobling,Cabin Services Supervisor
348,Lani Verden,Flight Attendant
349,Juanita Akker,Safety Officer
350,Hunfredo Jentgens,Cabin Services Supervisor
351,Dulsea Colenutt,First Officer
352,Julieta Blackster,Senior Flight Attendant
353,Burnaby Yanyshev,In-Flight Service Manager
354,Emogene Roskell,Cabin Crew
355,Anthe Domniney,In-Flight Service Manager
356,Starla Berrie,Medical Officer
357,Lorena McQuilliam,Safety Officer
358,Kial Idwal Evans,Medical Officer
359,Nat Premble,Flight Engineer
360,Myrtie Muir,Cabin Services Supervisor
361,Elihu Millican,First Officer
362,Wrennie Seger,Captain
363,Raddie Janton,Flight Engineer
364,Mason Zanetello,Cabin Services Supervisor
365,Theodor Knudsen,Cabin Services Director
366,Deva Padgett,Flight Engineer
367,Annabela Lambourne,First Officer
368,Jackelyn Goatman,Lead Flight Attendant
369,Rae Downie,Captain
370,Felita Kift,In-Flight Service Manager
371,Klaus Cardow,Junior Flight Attendant
372,Rachael Stopper,Captain
373,Justin Booty,First Officer
374,Aloin Cancott,Lead Flight Attendant
375,Dorian Highway,Captain
376,Matias Torrejon,Safety Officer
377,Hammad Lowbridge,Senior Flight Attendant
378,Rubi Conti,Second Officer
379,Warren Sennett,Lead Flight Attendant
380,Abran Bruckshaw,Cabin Crew
381,Ella Bute,Cabin Services Supervisor
382,Stacy Spicer,Captain
383,Jerrie Blant,Captain
384,Meaghan Paslow,Cabin Services Supervisor
385,Shoshanna Siddons,Cabin Services Supervisor
386,Darla Daft,Flight Engineer
387,Atlante Risbie,Medical Officer
388,Tisha Starten,Senior Flight Attendant
389,Adair Gress,Second Officer
390,Audrie O'Hickey,Second Officer
391,Karney Scrauniage,Flight Engineer
392,Tuckie Binford,Cabin Services Director
393,Lexi Stibbs,Flight Attendant
394,Vance Fennelly,Cabin Services Supervisor
395,Joli Lehrahan,Senior Flight Attendant
396,Beck Tankin,Junior Flight Attendant
397,Shepperd Glaze,Safety Officer
398,Aindrea Fer,Medical Officer
399,Lanita Bromidge,First Officer
400,Valaria Flavelle,Cabin Services Supervisor
401,Hadley Petherick,First Officer
402,Katleen Ness,Second Officer
403,Loreen Perkin,Purser
404,Valeda Stow,Medical Officer
405,Maire Agate,Lead Flight Attendant
406,Joyann Dockerty,Second Officer
407,Leighton Few,Cabin Services Director
408,Gloria Bes,Medical Officer
409,Padgett Wrey,Safety Officer
410,Arabelle Curd,Cabin Crew
411,Deb Sired,Cabin Services Supervisor
412,Zack Ascough,In-Flight Service Manager
413,Myrtia Venus,In-Flight Service Manager
414,Bo McTear,Lead Flight Attendant
415,Shannon Swalwell,Captain
416,Adaline Bulloch,Flight Attendant
417,Erena Van Leijs,Purser
418,Jocelyne Guilliland,Purser
419,Irving Andries,Cabin Services Director
420,Lanae Fosdick,In-Flight Service Manager
421,Tildi Alves,Senior Flight Attendant
422,Salmon Rosedale,Flight Engineer
423,Star Isaaksohn,Flight Attendant
424,Arvin De Carolis,Senior Flight Attendant
425,Neill Dy,Flight Attendant
426,Dory Deppe,First Officer
427,Salome Pedrick,Purser
428,Brodie Fierro,Purser
429,Gilbert Scare,Junior Flight Attendant
430,Zabrina Ninnotti,Second Officer
431,Marco Carlucci,Junior Flight Attendant
432,Carlie Ferneley,Second Officer
433,Joseph Buttrum,First Officer
434,Simeon Klemencic,Second Officer
435,Calv Arends,Junior Flight Attendant
436,Dunstan Brazier,Second Officer
437,Missy Backshall,Safety Officer
438,Jens Vereker,Cabin Crew
439,Annemarie Topp,Medical Officer
440,Inga Ockland,Lead Flight Attendant
441,Myrlene Gudgin,First Officer
442,Gamaliel Kilpin,Flight Engineer
443,Abigale Vittery,Safety Officer
444,Shaine Ryan,Second Officer
445,Cicely Jordon,Cabin Services Director
446,Anatollo Dunbar,Safety Officer
447,Dion Haydon,Cabin Crew
448,Henrik Drakeford,Flight Attendant
449,Carley Nunes Nabarro,Flight Engineer
450,Jedidiah Flieger,Senior Flight Attendant
451,Isa Eye,Lead Flight Attendant
452,Zora Cockhill,First Officer
453,Christiana Fillary,Captain
454,Torey Berthomier,Lead Flight Attendant
455,Seline Matteini,Lead Flight Attendant
456,Creight Donoher,First Officer
457,Nikos Jeffery,Safety Officer
458,Moss Alkin,Lead Flight Attendant
459,Adams Denisyev,Medical Officer
460,Margery Bosnell,Captain
461,Kerby Prestedge,Safety Officer
462,Klara Braga,Senior Flight Attendant
463,Burk Webb-Bowen,Safety Officer
464,Kim Giraudoux,Cabin Crew
465,Missie Dovidaitis,Cabin Services Supervisor
466,Yankee Sharpley,Lead Flight Attendant
467,Salomone Reboul,Cabin Services Director
468,Benton Madine,First Officer
469,Wynn Kerwood,Cabin Services Supervisor
470,Jillana Rockcliffe,Purser
471,Alex Toffanini,Captain
472,Edithe Hugin,In-Flight Service Manager
473,Fayette Swift,Safety Officer
474,Karoly Busswell,Senior Flight Attendant
475,Joyous China,Captain
476,Chrysa Waggett,Flight Attendant
477,Sheilah Richie,In-Flight Service Manager
478,Torie Pagram,Flight Engineer
479,Jacinta Wathen,Flight Attendant
480,Kerby Cubuzzi,Cabin Services Supervisor
481,Aggi Dewar,Safety Officer
482,Anastasia Lambkin,Medical Officer
483,Mickie Duffett,Cabin Services Director
484,Alvin Drummond,Second Officer
485,Barrett Legge,Junior Flight Attendant
486,Torrey Osborn,Medical Officer
487,Ellen Rutigliano,Cabin Services Director
488,Flossy Ahlin,Purser
489,Orsa Satteford,Medical Officer
490,Pavel Montrose,Cabin Services Supervisor
491,Sybille Flew,Cabin Services Supervisor
492,Yasmin Pentercost,Medical Officer
493,Kerrin Twizell,Medical Officer
494,Felice Wozencraft,Medical Officer
495,Marylin Flavelle,Cabin Services Supervisor
496,Maisey Willard,Captain
497,Ulberto Breitling,Cabin Services Director
498,Berton Attarge,Senior Flight Attendant
499,Hillel Fishwick,Flight Attendant
500,Nadeen Priel,Second Officer
501,Isak Rawling,Medical Officer
502,Nils Bridges,Medical Officer
503,Jeanette Sparham,Junior Flight Attendant
504,Yance Bouller,In-Flight Service Manager
505,Janina Aldam,Flight Attendant
506,Tobi Jeffrey,Medical Officer
507,Tadeo Brosetti,Purser
508,Godfree Costen,Second Officer
509,Stefania Pourvoieur,Lead Flight Attendant
510,Neila Skelbeck,First Officer
511,Mathe Nisius,Safety Officer
512,Bucky Gent,Safety Officer
513,Carlynne Wyrill,Safety Officer
514,Cassy Hirsch,In-Flight Service Manager
515,Ollie Wastie,Cabin Crew
516,Trever Batteson,Cabin Services Director
517,Guinevere Salvatore,First Officer
518,Morse Elecum,Junior Flight Attendant
519,Ricki Suter,Lead Flight Attendant
520,Cicely Yardley,Cabin Crew
521,Danell Teek,Safety Officer
522,Auberta Rebeiro,Cabin Services Supervisor
523,Jorgan Wayon,Lead Flight Attendant
524,Brittney Drewson,Safety Officer
525,Amble Hughlock,Flight Attendant
526,Selby Simpole,Senior Flight Attendant
527,Markos de Savery,Cabin Crew
528,Dolli Sherston,Cabin Crew
529,Vinnie Bortoletti,Second Officer
530,Ermengarde Prium,Cabin Services Supervisor
531,Arlyne Arnald,Captain
532,Paola Pilbeam,Medical Officer
533,Hilliary Masedon,Purser
534,Kalle Beavon,Safety Officer
535,Bartie Rawlin,Senior Flight Attendant
536,Bianca Calendar,Purser
537,Garrick Chasen,Cabin Services Director
538,Stillman Soldner,Safety Officer
539,Fran Auger,In-Flight Service Manager
540,Field Yare,Purser
541,Theo Drohan,Lead Flight Attendant
542,Rayshell Allbut,Medical Officer
543,Ashil Madigan,Captain
544,Elianora Noury,Cabin Crew
545,Barth Treadgall,Captain
546,Aubrey Marling,Junior Flight Attendant
547,Mirna Kinzett,Captain
548,Christina Emeny,Flight Engineer
549,Jocelyn Sterricks,First Officer
550,Westbrook Ovitts,Purser
551,Viole Jenno,Flight Attendant
552,Rey Harmar,Cabin Crew
553,Martina MacAllaster,In-Flight Service Manager
554,Ramonda Playden,In-Flight Service Manager
555,Shaina Takos,Junior Flight Attendant
556,Anabella Reary,Flight Engineer
557,Jaymie Ropp,Cabin Services Supervisor
558,Christophe Danher,Safety Officer
559,Stinky Klejin,Lead Flight Attendant
560,Rem Lanfranconi,Cabin Services Director
561,Rik Bensley,Medical Officer
562,Tana Devenport,Cabin Services Supervisor
563,Rolando Goodison,First Officer
564,Molli Christophe,Medical Officer
565,Melodie Emeny,Junior Flight Attendant
566,Marjorie Ianniello,Purser
567,Susann Skyram,Captain
568,Seamus Hazelgrove,Medical Officer
569,Cecil Drydale,Cabin Services Supervisor
570,Isaak Camlin,Cabin Crew
571,Melisenda Emsden,First Officer
572,Misti Friskey,Flight Engineer
573,Reeta Labb,First Officer
574,Clea Shuttlewood,Flight Engineer
575,Fairlie Clitherow,Medical Officer
576,Dionisio Spittall,Junior Flight Attendant
577,Micaela Gheorghescu,Purser
578,Nert McLeman,Second Officer
579,Boonie Aldin,First Officer
580,Lola Batterbee,First Officer
581,Lilas Hobgen,Captain
582,Nisse Vegas,Captain
583,Shepperd Hanby,Flight Attendant
584,Tripp Pasby,Flight Attendant
585,Grady Bloxam,Safety Officer
586,Sebastiano Aikin,Flight Engineer
587,Odelia Ellar,Cabin Services Director
588,Bronnie Bredbury,Flight Attendant
589,Buck Stather,Medical Officer
590,Orbadiah Fandrich,First Officer
591,Lauree Hentzer,Captain
592,Austin Cookes,In-Flight Service Manager
593,Stefano Ashplant,Medical Officer
594,Emelyne Hospital,Medical Officer
595,Elroy Synder,Captain
596,Inness Chestnutt,First Officer
597,Gunar Charteris,Safety Officer
598,Nelia Carville,Second Officer
599,Bearnard Caselick,Lead Flight Attendant
600,Nert Lattey,Lead Flight Attendant
601,Bentlee Bowdon,Cabin Services Supervisor
602,Trisha Snoddin,Captain
603,Isidora Cancelier,First Officer
604,Maryjo Marques,Second Officer
605,Deb Loughlin,Cabin Services Director
606,Shaina McEwen,Cabin Services Supervisor
607,Pamella Ealden,Flight Attendant
608,Marlo Bezzant,Lead Flight Attendant
609,Leela Marlen,Safety Officer
610,Darice Talmadge,Second Officer
611,Renate Townes,Purser
612,Guillema Dessant,Cabin Services Director
613,Cosimo Woolstenholmes,Junior Flight Attendant
614,Theodoric Gallardo,Cabin Crew
615,Kaye Greville,Lead Flight Attendant
616,Mallissa Larham,Cabin Services Director
617,Millard Muglestone,First Officer
618,Lindon Hovington,Flight Attendant
619,Brannon Dodson,First Officer
620,Roxine Short,Cabin Crew
621,Wilburt Sibthorp,Senior Flight Attendant
622,Elnore Rayer,Safety Officer
623,Rena Binyon,Flight Attendant
624,Mollee Bradburn,Lead Flight Attendant
625,Jasen Lindemann,First Officer
626,Clair Libbis,Captain
627,Oneida Candwell,Cabin Crew
628,Britni Andrich,Flight Attendant
629,Ezri Byrd,Flight Attendant
630,Harcourt Lahy,In-Flight Service Manager
631,Hersh Rousell,First Officer
632,Humberto Airdrie,Safety Officer
633,Klara Moakson,Cabin Crew
634,Reggy Jacklin,In-Flight Service Manager
635,Charo Loughney,Flight Engineer
636,Magdalen Coll,Senior Flight Attendant
637,Jasper Iacopini,Second Officer
638,Lanie Rustidge,Flight Attendant
639,Catlaina Alwin,Cabin Crew
640,Zachary Dering,Purser
641,Artur Jevons,First Officer
642,Selie Geddes,Junior Flight Attendant
643,Dianemarie Shears,Senior Flight Attendant
644,Diandra Petzolt,Senior Flight Attendant
645,Fredelia Sargent,Cabin Services Supervisor
646,Aimil Gilliat,Cabin Services Director
647,Nanete Kinnon,Junior Flight Attendant
648,Shaylah Patient,In-Flight Service Manager
649,Leonard Stanner,Cabin Crew
650,Sergio Logsdale,Lead Flight Attendant
651,Tasia Champion,Cabin Services Supervisor
652,Etta Creech,Lead Flight Attendant
653,Beatrisa Jewel,Junior Flight Attendant
654,Marcos Kennally,Lead Flight Attendant
655,Fidela Collman,Second Officer
656,Reilly Huntingdon,Purser
657,Simona Sorley,Safety Officer
658,Alleen Dockery,Flight Attendant
659,Winifred MacDonell,Cabin Services Director
660,Ross Krzyzaniak,Cabin Services Director
661,Terrell Kubczak,Safety Officer
662,Dede Ragge,Cabin Crew
663,Jacklyn Denk,Purser
664,Elene Mardoll,Flight Attendant
665,Beilul Robberecht,Junior Flight Attendant
666,Catlaina Allix,Captain
667,Otto Brecknall,Safety Officer
668,Gae MacGeffen,Purser
669,Lorie Eynaud,Flight Attendant
670,Giacopo Gauch,Senior Flight Attendant
671,Noel Auletta,Medical Officer
672,Odele Eckersall,Senior Flight Attendant
673,Torr Bowers,Safety Officer
674,Augustin Oxenden,In-Flight Service Manager
675,Georgeanna Matityahu,First Officer
676,Emelia Hellings,Cabin Crew
677,Shelba Brane,Junior Flight Attendant
678,Avivah Redpath,Junior Flight Attendant
679,Eben McBratney,Flight Attendant
680,Lenna Paulig,Captain
681,Joannes Starbucke,Senior Flight Attendant
682,Griffie Aberhart,In-Flight Service Manager
683,Muffin Feldon,Cabin Services Director
684,Cristy Beacock,In-Flight Service Manager
685,Salaidh Thickett,Purser
686,Nyssa Mc Faul,Senior Flight Attendant
687,Lynda Conrard,Medical Officer
688,Allina Moorhead,Safety Officer
689,Codee Amery,Cabin Crew
690,Ogdon Bointon,Junior Flight Attendant
691,Cesaro Hammerberger,Senior Flight Attendant
692,Edgardo Vahl,Second Officer
693,Reena Gregon,Cabin Services Supervisor
694,Maure Uttermare,Purser
695,Weider Sulland,In-Flight Service Manager
696,Tate Eddisford,Medical Officer
697,Eddy Duckham,Cabin Crew
698,Desiree Ellin,Cabin Crew
699,Lorne Kelson,Flight Engineer
700,Thorny Martindale,Cabin Crew
701,Glynnis Gerardeaux,Safety Officer
702,Delia Syer,Cabin Crew
703,Carla Roobottom,Cabin Crew
704,Bianca Carling,Cabin Services Director
705,Scotti Falk,Flight Attendant
706,Giana Zealander,Flight Engineer
707,Amandy Bolle,Medical Officer
708,Melania Burren,Cabin Services Director
709,Darrin Cottis,Cabin Services Supervisor
710,Alicea Degg,Flight Attendant
711,Eden Spires,First Officer
712,Raquela Stilly,Second Officer
713,Olympie Sarjeant,Cabin Services Director
714,Kilian Pilsworth,Senior Flight Attendant
715,Joelie Fligg,Junior Flight Attendant
716,Orren Moors,Purser
717,Jack Keyte,In-Flight Service Manager
718,Biddie Oxtoby,Second Officer
719,Ivie Davidoff,Senior Flight Attendant
720,Katharina Tavernor,Cabin Services Supervisor
721,Gregoire Galbreath,In-Flight Service Manager
722,Jorgan Braunton,Flight Engineer
723,Christoper Hartop,Senior Flight Attendant
724,Roseanna Boram,Safety Officer
725,Merline Newport,Junior Flight Attendant
726,Nicholle Deveril,Cabin Services Supervisor
727,Audra Catterick,In-Flight Service Manager
728,Felipe Jarratt,In-Flight Service Manager
729,Ado Henzley,Second Officer
730,Barbabra Mathewes,Cabin Services Supervisor
731,Harwilll Shopcott,Captain
732,Cassius Gimbart,Junior Flight Attendant
733,Kenon Brocklehurst,Medical Officer
734,Edward Wehner,Flight Attendant
735,Ruthy Hebborne,In-Flight Service Manager
736,Tobi Martino,Lead Flight Attendant
737,Quinlan Grime,Cabin Services Supervisor
738,Lorrie Jain,Lead Flight Attendant
739,Essy Bampforth,First Officer
740,Elston Corson,Safety Officer
741,Janis Yanov,Medical Officer
742,Valencia Mayes,Medical Officer
743,Jemmy Chapellow,Second Officer
744,Ruben Daine,Flight Attendant
745,Myrlene Wood,Cabin Services Supervisor
746,Dorolisa Winspire,Captain
747,Edik Fidock,First Officer
748,Ephrayim Haugeh,Captain
749,Pippo Cochrane,Junior Flight Attendant
750,Korey Bathurst,Cabin Services Director
751,Sharlene Golsthorp,Purser
752,Erick Overland,Junior Flight Attendant
753,Harli Northover,Captain
754,Merrill Lofting,Junior Flight Attendant
755,Rivy Crosfield,Senior Flight Attendant
756,Brandais Gainsborough,Second Officer
757,Mort Latour,Lead Flight Attendant
758,Kerianne Glennie,Flight Attendant
759,Nevsa Pitkaithly,Junior Flight Attendant
760,Culley Muldowney,Junior Flight Attendant
761,Stanfield Sreenan,Second Officer
762,Lydon Harme,In-Flight Service Manager
763,Carolyn Cordelle,Cabin Services Director
764,Bryna Mathivet,Second Officer
765,Georgie Ilieve,Purser
766,Tiphanie Travis,Cabin Services Supervisor
767,Sabina Kolodziej,Second Officer
768,Ellsworth Frayling,Flight Attendant
769,Lucila MacPaden,Flight Attendant
770,Judon Ubach,In-Flight Service Manager
771,Marja Gorger,Cabin Services Director
772,Klarrisa Brothers,Cabin Crew
773,Paule Moring,Cabin Crew
774,Gretel Hans,In-Flight Service Manager
775,Frank Robyns,Flight Engineer
776,Ulberto Hannah,First Officer
777,Rachel Barens,Captain
778,Carmelina Sutton,Captain
779,Lyell Aleksankin,Second Officer
780,Hannis Matzl,Flight Engineer
781,Kit Skiplorne,Cabin Services Director
782,Hersh Sheach,Cabin Services Supervisor
783,Allissa Puddin,Flight Engineer
784,Casi Guilaem,Flight Engineer
785,Othello Macey,Senior Flight Attendant
786,Davidde Dengate,Senior Flight Attendant
787,Nalani Boarleyson,Senior Flight Attendant
788,Garold Kear,Medical Officer
789,Griz Dodimead,Cabin Services Supervisor
790,Julie Boyack,Purser
791,Marian Stellman,First Officer
792,Kimberly Scopham,Medical Officer
793,Antonietta Cockshot,Cabin Services Supervisor
794,Drew Twigley,Lead Flight Attendant
795,Kirby Rowntree,Flight Engineer
796,Harley Shortcliffe,Cabin Services Supervisor
797,Myrah Sandiland,Flight Attendant
798,Janetta Killingsworth,Senior Flight Attendant
799,Amos Genever,Safety Officer
800,Bobinette Chadwell,Safety Officer
801,Kory Kanzler,Purser
802,Yance Merrgan,First Officer
803,Carol Cossey,In-Flight Service Manager
804,Alie Bugg,Second Officer
805,Edouard Gammett,Cabin Services Director
806,Christophe Whytock,Flight Attendant
807,Adan Redrup,First Officer
808,Wallie Elwel,Captain
809,Constantin Melloi,Flight Engineer
810,Waylen Hatterslay,Captain
811,Christal Rubertelli,Cabin Services Supervisor
812,Dyna Embery,In-Flight Service Manager
813,Sunny Cuffley,Second Officer
814,Hewe Pickthorn,Senior Flight Attendant
815,Yuri Spadelli,Captain
816,Alphonso Chastan,Second Officer
817,Carlin Olland,Flight Engineer
818,Abbye Nannoni,First Officer
819,Des Bernli,Captain
820,Cherilyn Kiezler,Safety Officer
821,Amory Gillmor,Purser
822,Frederick Lowrie,Junior Flight Attendant
823,Aindrea Berston,Second Officer
824,Standford Birmingham,Safety Officer
825,Carmelia Demeter,Cabin Services Supervisor
826,Darda Beatty,Second Officer
827,Sally Cuxson,Senior Flight Attendant
828,Herschel Ulster,Cabin Crew
829,Ailis Gogan,Senior Flight Attendant
830,Susann Jelphs,Lead Flight Attendant
831,Pamelina Ritmeier,Flight Engineer
832,Madelaine Phillippo,Second Officer
833,Nicola Athridge,Lead Flight Attendant
834,Norah Mussared,Cabin Services Director
835,Cherri Grishukhin,Flight Engineer
836,Jennine Tippings,Flight Attendant
837,Tyne Lickess,Cabin Services Director
838,Aleksandr Blanc,Medical Officer
839,Zebadiah Jacmar,Flight Engineer
840,Sunshine Longland,Lead Flight Attendant
841,Walt Landsbury,Cabin Services Director
842,Benny Wasselin,Flight Attendant
843,Merridie Pavia,Senior Flight Attendant
844,Truda Alexandrou,Medical Officer
845,Daune Turbard,Flight Engineer
846,Fielding Pilgrim,In-Flight Service Manager
847,Skylar Locker,First Officer
848,Casandra Floodgate,Medical Officer
849,Kelila Tarbath,Cabin Crew
850,Mathilde Duffett,Second Officer
851,Kristian Gaukrodge,Junior Flight Attendant
852,Akim Sanchez,Flight Attendant
853,Teressa Kosiada,Senior Flight Attendant
854,Abbe Gerty,In-Flight Service Manager
855,Beth Trehearne,Senior Flight Attendant
856,Leslie Yaakov,Purser
857,Haroun Feake,Senior Flight Attendant
858,Jacky Coneron,Cabin Crew
859,Jeannette Balazs,Junior Flight Attendant
860,Cody Leblanc,Junior Flight Attendant
861,Raddie Waddell,In-Flight Service Manager
862,Ermina Rogers,Flight Attendant
863,Kate Lavalle,Senior Flight Attendant
864,Erl Janaud,Senior Flight Attendant
865,Ewan Fouldes,Safety Officer
866,Bennie Eseler,Safety Officer
867,Vanessa Benedidick,Flight Attendant
868,Layney Mollindinia,Medical Officer
869,Eilis Kelleway,Second Officer
870,Dorthy Stilliard,Cabin Services Director
871,Benny Murra,Flight Attendant
872,Jessy Larose,Purser
873,Claretta Rosa,Junior Flight Attendant
874,Eward Badcock,Captain
875,Morten MacGilrewy,Captain
876,Vikky Penberthy,In-Flight Service Manager
877,Cointon Lottrington,Medical Officer
878,Fredra Cottisford,Safety Officer
879,Daffi Tebbit,First Officer
880,Cris Hindge,Medical Officer
881,Gale Seys,Cabin Crew
882,Osbourne Goodbourn,Captain
883,Hughie Mangion,Medical Officer
884,Gwenny Heatley,In-Flight Service Manager
885,Alex Babbe,Cabin Services Supervisor
886,Carly Gorioli,Senior Flight Attendant
887,Rory Wheldon,Medical Officer
888,Lexy Readings,Second Officer
889,Ronny Kemmons,Purser
890,Felix Strivens,Flight Attendant
891,Mannie Wilkinson,Junior Flight Attendant
892,Robert Lukock,Senior Flight Attendant
893,Marlin Treppas,Safety Officer
894,Chloe McLeod,Purser
895,Donny Eldritt,Cabin Services Director
896,Hobard Slowly,Second Officer
897,Manon Cruz,Medical Officer
898,Appolonia Mounce,Captain
899,Tiffy Tassel,Senior Flight Attendant
900,Fidela Hamlyn,Second Officer
901,Boone Benoist,Second Officer
902,Annabel Aylwin,In-Flight Service Manager
903,Jeanna Cuncarr,Safety Officer
904,Mill Marcinkus,Flight Attendant
905,Reine MacFadyen,Cabin Services Supervisor
906,Benny Ellor,Purser
907,Cassie Fenby,Captain
908,Ogdon Brugemann,Second Officer
909,Leland Domnin,Cabin Services Supervisor
910,Eloisa Gepheart,Junior Flight Attendant
911,Gwenneth Argontt,Purser
912,Dewain Santostefano.,Medical Officer
913,Rozella Boater,Senior Flight Attendant
914,Katalin Lagen,In-Flight Service Manager
915,Ashleigh Adds,Cabin Services Supervisor
916,Aretha Cockton,Cabin Services Supervisor
917,Cicily Bulman,Purser
918,Mirabella Ornelas,Junior Flight Attendant
919,Godwin Taylorson,Medical Officer
920,Emmanuel Thaine,Flight Attendant
921,Astrix Sexon,Safety Officer
922,Cathlene Jest,Cabin Services Director
923,Clarinda Lambie,Flight Engineer
924,Gilemette Gratrex,Captain
925,Farrand Guiden,Flight Engineer
926,Marika Vile,Lead Flight Attendant
927,Chet Catonne,Safety Officer
928,Prinz McConnachie,Cabin Crew
929,Jesselyn Shilvock,Second Officer
930,Sibilla Leroy,Safety Officer
931,Clarey Horsell,Senior Flight Attendant
932,Anthia Blankenship,In-Flight Service Manager
933,Estrella MacGillreich,Flight Engineer
934,Buffy Merill,Junior Flight Attendant
935,Gwenneth Yell,Cabin Services Director
936,Tiffy Gilkes,Cabin Services Supervisor
937,Ricardo MacInerney,Lead Flight Attendant
938,Emlen Stouther,Second Officer
939,Benedicto Dulson,Senior Flight Attendant
940,Kellyann Linay,Lead Flight Attendant
941,Alejoa Hodinton,Flight Engineer
942,Esme Zarfati,Cabin Services Supervisor
943,Chad Mullaney,Lead Flight Attendant
944,Bryce Ratke,Cabin Services Supervisor
945,Linet McClunaghan,Cabin Crew
946,Ajay Cockle,Medical Officer
947,Hally Grewar,Senior Flight Attendant
948,Valentina Rubica,Cabin Crew
949,Marjie Jakovijevic,In-Flight Service Manager
950,Cobby Gimson,Cabin Crew
951,Jacky Luno,Flight Engineer
952,Marcella Stolberg,Purser
953,Kassie McCrillis,Junior Flight Attendant
954,Cathe Presshaugh,Flight Engineer
955,Niven Bewlie,Second Officer
956,Falito Huleatt,Purser
957,Thorin Skae,Lead Flight Attendant
958,Arlana Kabsch,Second Officer
959,Mair Abden,Safety Officer
960,Loella Kitchen,Senior Flight Attendant
961,Janella Blowen,Cabin Crew
962,Guthrey Lalonde,Cabin Services Director
963,Shauna Cowles,Lead Flight Attendant
964,Miof mela Perrone,Captain
965,Eirena Alan,Medical Officer
966,Alberik Elliman,Cabin Crew
967,Betteann Sains,Cabin Services Supervisor
968,Leisha Leadston,Purser
969,Pyotr Heild,Flight Attendant
970,Charita Brabant,Medical Officer
971,Cori Southouse,Safety Officer
972,Nate Ridgeway,Flight Engineer
973,Garreth Caddens,Purser
974,Nicolis Dace,First Officer
975,Marys Ghiotto,Senior Flight Attendant
976,Shalna Levi,Cabin Services Supervisor
977,Wallas Conyard,Junior Flight Attendant
978,Jeno Turpin,Safety Officer
979,Marleen Clamp,Captain
980,Lanette Ferries,Junior Flight Attendant
981,Coletta Hayler,Medical Officer
982,Noreen Woodruff,Flight Engineer
983,Hartley Ziem,Flight Engineer
984,Ashlan Selvey,Safety Officer
985,Giorgio Dockwray,Second Officer
986,Johan Boar,Safety Officer
987,Hamish Papez,Purser
988,Clemmy Atcock,Lead Flight Attendant
989,Nevile Pairpoint,Medical Officer
990,Dominga Bryers,Junior Flight Attendant
991,Nora Mabee,Second Officer
992,Dara Alastair,Captain
993,Obadiah Crosen,Flight Engineer
994,Moshe Ianilli,Junior Flight Attendant
995,Arthur Mercer,Junior Flight Attendant
996,Timmie Gilchrest,Safety Officer
997,Keith Trayte,Second Officer
998,Molly Orr,Junior Flight Attendant
999,Hart Hellyar,In-Flight Service Manager
1000,Adoree Zuenelli,Cabin Services Supervisor
