PASSENGER_ID,PASSENGER_NAME,PASSENGER_EMAIL,PHONE_NUMBER,PASSPORT_NUMBER,PASSENGER_AGE
1,Oralla Ingledew,oingledew0@tamu.edu,+7 241 388 1911,D7Z-YIX-MLM,75
2,Iolanthe Fontenot,ifontenot1@instagram.com,+86 467 677 0584,E4Z-CS7-9GJ,4
3,Orlan Chainey,ochainey2@desdev.cn,+268 102 652 6906,4BH-9OE-90T,64
4,Zebadiah Pluvier,zpluvier3@tmall.com,+1 801 113 9262,58M-YFF-3TE,44
5,Gabbi Kenrat,gkenrat4@zimbio.com,+84 129 877 3930,KX2-D9W-3VY,15
6,Rosamund Eccleshare,reccleshare5@google.com.hk,+63 432 599 4726,JKA-P1G-I95,33
7,Harold Mandell,hmandell6@paginegialle.it,+62 165 485 0863,Y4Z-5K1-CIT,68
8,Christopher Wilcocke,cwilcocke7@who.int,+55 480 112 5527,R4E-29W-J77,35
9,Zondra Haruard,zharuard8@dagondesign.com,+1 269 309 9033,D9Q-L8M-1VJ,43
10,Annelise Tonbridge,atonbridge9@angelfire.com,+62 556 420 0996,XA2-T0Q-CSG,72
11,Roger Attwoull,rattwoulla@opensource.org,+46 138 734 0995,Q0S-43S-7AW,40
12,Port Beilby,pbeilbyb@shutterfly.com,+380 720 655 6488,8YR-XFT-Q0V,8
13,Ingrim Merricks,imerricksc@deliciousdays.com,+48 280 914 7453,Z2O-SFD-SFK,53
14,Timoteo Jirusek,tjirusekd@techcrunch.com,+86 958 712 4484,ET0-GL9-48H,68
15,Orion Leese,oleesee@goodreads.com,+94 689 418 1586,K0M-468-7ID,15
16,Janelle Muro,jmurof@sitemeter.com,+46 355 100 1709,HSU-EIV-8X9,48
17,Datha Blune,dbluneg@google.ru,+225 176 242 0546,VY2-5Z3-FVO,26
18,Cointon Alwin,calwinh@pen.io,+86 657 950 3234,ZRH-AH9-6W1,18
19,Bill Suart,bsuarti@163.com,+1 417 985 0322,TWY-4VV-WA6,75
20,Alysia Dinsale,adinsalej@hubpages.com,+46 889 876 3544,6Y8-PT2-S8B,56
21,Sheridan Goldes,sgoldesk@yahoo.co.jp,+33 318 240 3853,1YF-7AD-M35,36
22,Siusan McMurthy,smcmurthyl@topsy.com,+86 431 260 7904,B9U-15V-CBH,73
23,Fredra Juszczyk,fjuszczykm@pbs.org,+86 738 745 1132,V7Q-0BB-J8E,77
24,Averil Keeting,akeetingn@microsoft.com,+63 283 298 2049,IST-EQA-EPC,65
25,Rafaelia Bielefeld,rbielefeldo@blinklist.com,+55 406 911 4985,6VZ-CJK-EEO,14
26,Brigid Vernham,bvernhamp@narod.ru,+52 819 609 1567,14I-B9V-66P,62
27,Gareth Lumley,glumleyq@cam.ac.uk,+380 179 947 2045,U36-AAQ-AL8,10
28,Delcine Haselhurst,dhaselhurstr@blogger.com,+66 140 181 1779,TMC-X08-5D7,46
29,Harlie Newstead,hnewsteads@ezinearticles.com,+86 169 433 0615,L9S-MO9-5V0,3
30,Charlene Dunnaway,cdunnawayt@chronoengine.com,+27 153 325 5603,DS8-2YH-8CT,5
31,Sonni Corner,scorneru@facebook.com,+7 880 363 5646,5B7-A7D-WWC,50
32,Elisabet Muino,emuinov@mapy.cz,+46 972 383 8420,AW6-420-586,25
33,Zaccaria Nussey,znusseyw@nhs.uk,+58 438 868 9590,V2W-B11-233,45
34,Orion Ashment,oashmentx@state.gov,+380 947 857 1731,WKT-1DD-VAK,25
35,Amelie Howlett,ahowletty@cam.ac.uk,+63 246 545 7358,9ND-J9V-VDN,69
36,Rosabel Wise,rwisez@vimeo.com,+33 154 624 2395,2VF-6SL-IO7,1
37,Susanne Borrowman,sborrowman10@reference.com,+55 910 622 8260,AFP-CIN-G3D,37
38,Cathrin Bartot,cbartot11@microsoft.com,+62 441 274 9004,AKK-WZF-IMP,45
39,Celeste Lombard,clombard12@wiley.com,+241 697 849 1718,U3A-Q83-N29,76
40,Bibby Blackah,bblackah13@pen.io,+86 987 729 0630,DAQ-BJX-CED,8
41,Corrina Fishenden,cfishenden14@nbcnews.com,+62 683 255 0251,371-3CZ-Q43,23
42,Madeline Hassan,mhassan15@w3.org,+351 584 754 3681,T0H-OSS-F3I,80
43,Kiah Cuerdall,kcuerdall16@dot.gov,+234 374 352 2319,0KP-14L-WFS,1
44,Norina Lante,nlante17@zimbio.com,+7 577 489 1150,8YH-GZL-G4Q,64
45,Thaddus Porcher,tporcher18@dedecms.com,+380 424 947 4531,9UL-G5G-ZBA,73
46,Gayel Beckingham,gbeckingham19@census.gov,+58 883 813 6279,RHD-TVX-QPV,12
47,Margot McNutt,mmcnutt1a@quantcast.com,+62 595 279 3649,GYA-S6U-FHX,59
48,Lishe O'Sherrin,losherrin1b@woothemes.com,+251 466 641 1243,8D0-3GT-5HW,65
49,Wes Vanichkin,wvanichkin1c@google.ru,+972 492 504 1040,PTK-0NP-0C0,34
50,Thorndike Bartholin,tbartholin1d@answers.com,+86 742 184 5480,U1U-NFH-YB5,23
51,Howard Towersey,htowersey1e@surveymonkey.com,+62 852 866 9299,DRX-I73-9NW,65
52,Estevan Andriveaux,eandriveaux1f@youtube.com,+57 548 130 3752,8KK-SD2-AKC,54
53,Charlene Giddings,cgiddings1g@diigo.com,+507 773 950 3631,89G-C3A-VBR,44
54,Car Shilito,cshilito1h@ning.com,+7 597 689 9170,MH6-5UC-O8C,60
55,Nissa Kidwell,nkidwell1i@hp.com,+66 146 295 5044,8E5-F44-H5H,27
56,Emilee Andriveau,eandriveau1j@free.fr,+380 533 501 7715,N6G-12L-F2M,56
57,Zsazsa Cheater,zcheater1k@vk.com,+62 687 281 9526,4BU-53A-SRK,7
58,Rosie Duigan,rduigan1l@mtv.com,+7 169 201 3523,HA3-Z1L-VDV,33
59,Madelina Hoovart,mhoovart1m@google.ca,+51 296 883 7978,FFZ-T1O-RW0,35
60,Karolina Corneliussen,kcorneliussen1n@friendfeed.com,+507 422 932 9468,Z6E-RLM-4N7,63
61,Devora Cole,dcole1o@dyndns.org,+94 840 905 9118,84K-K5X-27F,11
62,Sabrina Maddinon,smaddinon1p@sina.com.cn,+33 307 519 3181,CLQ-ESD-I6T,7
63,Tabbi Iacobetto,tiacobetto1q@gov.uk,+1 232 556 8359,D1B-KBG-7SE,79
64,Georgette Franckton,gfranckton1r@histats.com,+63 875 173 7741,6FC-22H-QQL,63
65,Gilbertine Casina,gcasina1s@infoseek.co.jp,+880 425 991 9867,Z6A-8A1-7NR,79
66,Gerda Gergus,ggergus1t@nih.gov,+351 454 706 2827,0KF-18F-FPR,67
67,Pam Spawforth,pspawforth1u@slashdot.org,+62 942 193 7337,ITU-8HB-J0U,22
68,Odey Helliker,ohelliker1v@usa.gov,+507 358 985 2429,V3J-ZKO-WOT,33
69,Salomone Binford,sbinford1w@ow.ly,+63 967 700 9254,B5A-9H6-G6E,73
70,Milena Conlon,mconlon1x@wikia.com,+86 550 319 5639,IJY-6O6-A8J,66
71,Zechariah Kezor,zkezor1y@yahoo.co.jp,+86 627 704 6052,3JG-IM9-1TQ,16
72,Cathyleen Petrussi,cpetrussi1z@toplist.cz,+967 947 262 9922,KEF-MLH-BF6,51
73,Burl Draysey,bdraysey20@forbes.com,+994 279 183 2543,WX2-0XX-UJ0,7
74,Dominick Huscroft,dhuscroft21@netscape.com,+48 718 672 6063,RQG-WF8-0UV,62
75,Devondra Pierce,dpierce22@joomla.org,+226 419 458 4554,7LQ-TY7-7TJ,27
76,Suzette Kobpal,skobpal23@boston.com,+503 444 573 3119,FN8-2X6-6IW,60
77,Stephi Snoday,ssnoday24@plala.or.jp,+86 676 450 7187,2BO-3ZJ-QRT,13
78,Esther Rubinowitsch,erubinowitsch25@google.com.au,+62 634 403 4245,PJ3-32H-LKM,39
79,Adiana Larkkem,alarkkem26@digg.com,+46 376 388 2305,6CN-0A0-Y0W,76
80,Merle Grieves,mgrieves27@samsung.com,+33 287 913 5705,50S-D9L-KTH,48
81,Nikoletta Filipyev,nfilipyev28@uiuc.edu,+7 675 392 5367,VQF-DOG-Y2H,40
82,Shayne Seden,sseden29@technorati.com,+48 536 282 4336,LJB-2PF-BCH,35
83,Viola Klulicek,vklulicek2a@netscape.com,+1 516 615 8063,QNA-81P-HM7,10
84,Janeva Hopkynson,jhopkynson2b@fastcompany.com,+48 657 826 7965,D6L-QOH-LXL,30
85,Hyacinthe Dorwood,hdorwood2c@joomla.org,+970 274 713 8392,TOY-VHU-YZX,80
86,Catlee Ferier,cferier2d@engadget.com,+86 998 812 7099,9BE-EU7-7DU,7
87,Kerri Stempe,kstempe2e@mashable.com,+62 855 451 8363,NBW-N9J-N1J,58
88,Mike Wells,mwells2f@51.la,+58 304 847 8019,C27-2C8-93R,32
89,Andreas Farran,afarran2g@reddit.com,+30 512 414 7663,9XE-I56-MG7,70
90,Vernon Dobbing,vdobbing2h@earthlink.net,+420 263 229 2727,J7A-ETW-2IN,42
91,Holly Rockhall,hrockhall2i@xrea.com,+46 658 527 1322,7RB-6V6-FER,15
92,Clifford Fynan,cfynan2j@toplist.cz,+81 182 216 2557,1VU-J00-KM1,60
93,West Scullin,wscullin2k@twitter.com,+1 954 117 7964,NIG-K8N-9OM,12
94,Larry Rawsthorne,lrawsthorne2l@ca.gov,+7 725 756 0321,MI0-2IH-4MW,14
95,Celie Eouzan,ceouzan2m@devhub.com,+596 479 383 8918,I6L-B82-DF0,63
96,Letti Lobe,llobe2n@dedecms.com,+242 102 964 2525,BFQ-C19-4UU,55
97,Robbin Jurkowski,rjurkowski2o@tmall.com,+254 266 339 7921,2NM-MMI-5XG,34
98,Franklyn Fleetham,ffleetham2p@ibm.com,+66 136 534 1586,A8A-C0L-YYU,67
99,Bobbie Garvagh,bgarvagh2q@webmd.com,+46 723 134 7452,CFH-FAY-8V6,34
100,Marten Litzmann,mlitzmann2r@mail.ru,+33 946 376 5090,XA9-R2C-KKI,23
101,Dav Migheli,dmigheli2s@ucsd.edu,+63 239 336 1357,NHP-KF7-O2I,79
102,Estel Flello,eflello2t@tamu.edu,+86 694 167 5590,I1V-2NW-R8A,35
103,Derby Goldman,dgoldman2u@soup.io,+31 111 846 2982,FGR-EA2-UC1,45
104,Sauveur Bergstram,sbergstram2v@barnesandnoble.com,+33 666 307 9651,ZJJ-MYY-2PS,68
105,Yurik Treverton,ytreverton2w@exblog.jp,+86 999 496 7615,0LA-4JH-TMY,38
106,Temp Philippsohn,tphilippsohn2x@weather.com,+386 278 204 2775,05M-05T-ZK5,31
107,Victor Grigoryev,vgrigoryev2y@salon.com,+48 954 533 6905,3H2-5AZ-XF5,76
108,Kassie Gerriessen,kgerriessen2z@bbc.co.uk,+33 283 308 1517,ZTE-ZD8-0JE,41
109,Dannel Bachelar,dbachelar30@diigo.com,+86 282 661 5216,Q1K-I8G-KV6,1
110,Hall Lamport,hlamport31@hexun.com,+258 541 480 1995,G0S-8A8-9S8,60
111,Gunar Roselli,groselli32@chron.com,+226 284 453 9467,KH1-XWT-2S4,45
112,Lonny Onele,lonele33@gizmodo.com,+86 329 474 0815,E0M-FQO-B3H,33
113,Miller Backen,mbacken34@scientificamerican.com,+880 535 345 0981,YK5-VUU-LK0,69
114,Robyn Kemish,rkemish35@ask.com,+1 813 216 8240,9IO-CAG-IMM,70
115,Lefty Tabard,ltabard36@uiuc.edu,+55 104 589 7927,J8A-U3S-2R0,24
116,Aubrey Pynner,apynner37@cornell.edu,+509 419 627 7142,TG8-EHF-WJM,13
117,Batsheva Papaccio,bpapaccio38@ustream.tv,+86 304 820 1667,6WE-CGA-QFM,77
118,Kalina Cufley,kcufley39@altervista.org,+86 922 176 8468,PQY-N4U-SJN,10
119,Homerus Paulino,hpaulino3a@is.gd,+48 414 770 1757,QS6-PD3-Q6R,65
120,Caril Waylen,cwaylen3b@intel.com,+86 792 697 6135,MO9-PB1-GYY,32
121,Abigail Crosse,acrosse3c@latimes.com,+502 940 403 1255,X2N-A8J-OYS,32
122,Karilynn Izakoff,kizakoff3d@toplist.cz,+359 373 560 0341,Z2Q-BTZ-WA9,61
123,Rik Ertel,rertel3e@imageshack.us,+46 795 482 8261,O2I-QV1-V1J,2
124,Gabbey Malenoir,gmalenoir3f@chronoengine.com,+48 908 785 1664,LI8-HTG-WI3,19
125,Vern McMeeking,vmcmeeking3g@is.gd,+63 579 758 8157,IWZ-776-6CE,38
126,Marlie Faivre,mfaivre3h@columbia.edu,+385 790 935 6902,LSD-E3K-HW7,63
127,Koral Cousin,kcousin3i@jalbum.net,+355 256 826 4579,JHW-CLV-PWF,52
128,Corinna Destouche,cdestouche3j@businesswire.com,+7 132 359 8936,U3X-5OG-15K,77
129,Gretna Vasnetsov,gvasnetsov3k@instagram.com,+45 552 865 4896,7UZ-HDC-3TD,79
130,Isac Detoile,idetoile3l@blogger.com,+351 432 469 7585,8BK-VAU-90J,19
131,Taylor Willoway,twilloway3m@constantcontact.com,+48 987 165 6279,ZJ4-W1C-AE1,21
132,Ogden Southan,osouthan3n@weibo.com,+48 220 639 2675,CZL-2JU-40I,60
133,Wake Ferreri,wferreri3o@slideshare.net,+62 305 961 2441,14M-60M-Y6U,51
134,Karrie Traise,ktraise3p@opensource.org,+55 274 986 0585,3I3-0C0-J5V,70
135,Lonnie Hazeldene,lhazeldene3q@archive.org,+57 168 395 0815,EF5-0DF-7EH,27
136,Marlin Ruzicka,mruzicka3r@shinystat.com,+351 951 194 3316,F22-T02-VHJ,1
137,Lynnell Stebbins,lstebbins3s@gnu.org,+62 227 106 9803,FCJ-DFR-7WI,5
138,Nicolai Smy,nsmy3t@miibeian.gov.cn,+82 591 436 1226,81W-5ND-PW6,61
139,Martino Littlekit,mlittlekit3u@icq.com,+593 990 475 8140,Q7W-0X8-P54,39
140,Biron Willavoys,bwillavoys3v@arizona.edu,+55 474 397 4171,B8W-9JH-XQL,15
141,Parke Wyne,pwyne3w@independent.co.uk,+62 363 166 5440,GN2-VFT-6UN,14
142,Barrie Fidian,bfidian3x@netlog.com,+86 795 105 3584,94P-VQQ-X6Z,34
143,Gibby Anwell,ganwell3y@wp.com,+7 828 641 9052,8HZ-ES6-R4U,7
144,Reinaldos Hubberstey,rhubberstey3z@uol.com.br,+62 568 596 2978,OPB-VU4-2PI,14
145,Skippie McLanachan,smclanachan40@goo.gl,+48 978 517 5207,OR2-39W-DY3,51
146,Gian Selbie,gselbie41@hao123.com,+86 801 259 9666,CFM-2GK-577,29
147,Clarine Dominka,cdominka42@harvard.edu,+351 113 172 2258,IYR-XLG-A10,6
148,Stewart Dibson,sdibson43@imageshack.us,+351 987 118 7232,EGS-FEN-PTP,16
149,Pail Wedon,pwedon44@businessinsider.com,+226 481 973 5302,X9C-G2F-005,35
150,Garrick Rainton,grainton45@sciencedaily.com,+355 950 686 4613,2F5-7PZ-1PR,42
151,Shirley Rizzotto,srizzotto46@squarespace.com,+62 117 333 7359,5MO-HHW-QJO,46
152,Raffaello Steynor,rsteynor47@usatoday.com,+251 409 562 4846,VVF-2EU-9O5,1
153,Martina Hurlestone,mhurlestone48@simplemachines.org,+62 637 166 6180,ZM4-LL2-DJ2,32
154,Kassia Watkinson,kwatkinson49@businessweek.com,+86 147 931 5155,SE1-PDX-O13,55
155,Annabal Beazer,abeazer4a@jugem.jp,+7 173 669 4665,ZLA-563-O1Y,38
156,Larine Brawn,lbrawn4b@microsoft.com,+46 777 448 9634,ZUH-3KN-2EG,60
157,Dyana Bortol,dbortol4c@illinois.edu,+62 195 544 5975,122-1UQ-ZC6,67
158,Vidovik Peckham,vpeckham4d@house.gov,+86 521 611 1845,4D2-T8C-0CJ,59
159,Banky Norwood,bnorwood4e@goodreads.com,+86 166 357 9490,YSE-TT3-7FD,34
160,Dredi Wooland,dwooland4f@livejournal.com,+55 988 494 1687,AV9-P0R-MP1,34
161,Cherise Brangan,cbrangan4g@businesswire.com,+33 355 484 7164,2OB-SIT-92J,75
162,Darryl Tothacot,dtothacot4h@people.com.cn,+66 410 805 4534,NYV-GNH-JH1,19
163,Irvin De Vile,ide4i@e-recht24.de,+63 229 561 0238,YLE-EMR-8O6,67
164,Brigid Belton,bbelton4j@canalblog.com,+505 234 502 7390,O5O-R5Q-HAG,21
165,Marilyn Driver,mdriver4k@aboutads.info,+86 373 736 8217,LDZ-VPC-MF1,77
166,Grata Hames,ghames4l@joomla.org,+45 157 520 5239,Q5D-T1S-9EW,38
167,Valera Gowdie,vgowdie4m@cbc.ca,+81 447 189 2904,403-U8C-5Q2,4
168,Brock Ceeley,bceeley4n@columbia.edu,+505 533 902 5531,J4E-C1T-G40,66
169,Mahmoud MacKenzie,mmackenzie4o@dell.com,+48 277 165 7037,0F5-LP6-S2H,52
170,Colly Kibbel,ckibbel4p@ehow.com,+256 339 780 2120,O9W-J15-Y9F,55
171,Ahmad Dominique,adominique4q@trellian.com,+880 451 530 2458,Q02-N55-574,13
172,Kara-lynn Farmar,kfarmar4r@addthis.com,+94 132 910 5231,026-HXQ-UX1,75
173,Erie Shervil,eshervil4s@mediafire.com,+351 426 976 6919,P0V-LEE-F22,1
174,Nanni Dickie,ndickie4t@wufoo.com,+62 446 449 6224,WHB-37W-QII,64
175,Reeva Vasilyevski,rvasilyevski4u@networkadvertising.org,+55 826 974 9887,4FO-GDZ-7IU,33
176,Kamillah Dongall,kdongall4v@baidu.com,+90 496 208 5500,AN3-ELQ-VK9,69
177,Tyne Hardcastle,thardcastle4w@columbia.edu,+86 124 568 1195,TTC-QWS-EGK,17
178,Chauncey Atkirk,catkirk4x@hostgator.com,+7 311 894 6439,GEF-NUD-JWE,8
179,Zebulen Angier,zangier4y@meetup.com,+66 868 865 4534,JK3-5BG-OCF,70
180,Freddie Dering,fdering4z@tripadvisor.com,+63 718 599 7811,J51-EPN-VI1,56
181,Leighton Brastead,lbrastead50@mit.edu,+63 158 102 6757,34R-MY3-BY4,73
182,Earvin Fenelow,efenelow51@fema.gov,+58 284 492 0917,7X6-OAD-Z68,79
183,Berty Dmitrienko,bdmitrienko52@hao123.com,+420 573 363 5985,26S-AM8-RFS,27
184,Gottfried Peers,gpeers53@examiner.com,+7 546 346 4012,9QS-YZ5-W4R,66
185,Angie Duffyn,aduffyn54@mtv.com,+86 957 679 7781,JET-458-Z5Q,52
186,Loise Prestney,lprestney55@sun.com,+33 350 631 0920,QFM-HXW-XTI,1
187,Temple Lodden,tlodden56@diigo.com,+63 214 368 5765,ORN-IZR-0B4,78
188,Jeremiah Wilmington,jwilmington57@w3.org,+55 191 538 0002,X5A-59M-Y3S,69
189,Alejandra Heskey,aheskey58@paginegialle.it,+256 119 784 9982,QOR-Z1Q-AS1,28
190,Janella Gatchel,jgatchel59@who.int,+48 848 476 2739,X04-BS9-GX1,21
191,Portia Kemp,pkemp5a@guardian.co.uk,+351 328 959 0551,RGK-KW7-VPI,42
192,Kaleena Basset,kbasset5b@google.com,+48 704 399 7347,UYD-FED-PWN,17
193,Devlen Hanes,dhanes5c@webs.com,+86 524 391 1319,Y58-LP6-WOT,73
194,Addia McKeeman,amckeeman5d@sogou.com,+86 756 130 1329,OIG-UW1-AKZ,18
195,Aluino Sacks,asacks5e@ft.com,+1 309 830 2210,5VV-RTT-OC6,78
196,Cleo Shieber,cshieber5f@simplemachines.org,+968 755 433 0619,GDR-FBO-U2L,49
197,Anders Heake,aheake5g@newyorker.com,+86 352 497 2457,H3H-L9B-LOA,40
198,Ethelred Coupman,ecoupman5h@symantec.com,+63 519 259 5716,IS4-ELD-ELM,75
199,Hartley Arger,harger5i@cbsnews.com,+7 456 395 9446,CV7-GQK-C24,42
200,Nataniel Hatherley,nhatherley5j@tripadvisor.com,+255 268 340 9124,I9K-DAX-NHF,4
201,Rutger Kellie,rkellie5k@google.co.uk,+380 811 835 0628,6SK-2ED-V4O,70
202,Bartel Rodenburg,brodenburg5l@opera.com,+46 699 345 9343,KQ3-V9Z-VCV,22
203,Shem Shadwick,sshadwick5m@furl.net,+86 829 485 6625,GNJ-OYB-LJR,17
204,Josh Meade,jmeade5n@google.ru,+63 152 610 4691,0U9-A5J-IZS,63
205,Keven Roseman,kroseman5o@bluehost.com,+86 202 402 1474,TQD-KMU-FSO,51
206,Aura Dinjes,adinjes5p@bbc.co.uk,+63 965 657 1695,13F-MID-00L,42
207,Tammy Ludee,tludee5q@bloomberg.com,+62 233 697 0694,56G-331-BP8,70
208,Heda Mallinson,hmallinson5r@blogs.com,+81 786 788 0333,UHG-APP-K3Q,44
209,Jorrie Heinschke,jheinschke5s@mapy.cz,+53 763 362 3038,58C-VST-J4F,29
210,Emmanuel Tyers,etyers5t@mlb.com,+98 926 531 2424,47E-06U-W7J,22
211,Agathe Valiant,avaliant5u@mail.ru,+358 384 537 3909,EPK-ES8-NVG,34
212,Sander Craise,scraise5v@bloglines.com,+86 386 605 1969,LW6-CIA-2Y1,2
213,Vanda Roughley,vroughley5w@state.gov,+244 591 566 5521,L5C-RWU-2YB,18
214,Theadora Izard,tizard5x@loc.gov,+998 751 535 0104,ENA-UTG-XU4,23
215,Gearard Oppy,goppy5y@jimdo.com,+63 184 259 8512,MYK-VLV-FSP,77
216,Dorey Carruthers,dcarruthers5z@earthlink.net,+33 855 588 3484,GGG-J75-KAL,9
217,Rea Dowdle,rdowdle60@wikispaces.com,+55 925 915 2909,7Z4-IR9-ALT,12
218,Em Lisle,elisle61@networksolutions.com,+86 698 587 7920,6WO-7CL-WEV,28
219,Sharl Grosvener,sgrosvener62@usa.gov,+86 128 742 1587,6GH-A85-OFN,35
220,Frederik Rosel,frosel63@google.it,+86 938 986 0913,3A7-25Y-F1Q,71
221,Myrta Weymouth,mweymouth64@wikia.com,+86 326 459 9426,S3K-5MV-IMN,6
222,Kattie Dolohunty,kdolohunty65@imgur.com,+44 781 888 9956,WDB-SE1-KB0,72
223,Iona Spurdle,ispurdle66@sciencedaily.com,+48 593 396 7500,9U1-5HY-G8Y,8
224,Derek Grimditch,dgrimditch67@nasa.gov,+86 410 132 4709,8IL-HIT-NKF,2
225,Katharyn Oxteby,koxteby68@live.com,+63 383 854 8909,JTO-GM0-0SE,18
226,Alejandrina Reilinger,areilinger69@jigsy.com,+977 684 756 8878,DDL-0Z3-Y77,36
227,Vergil MacMeanma,vmacmeanma6a@businesswire.com,+86 968 466 1794,FAY-ZA8-GZL,80
228,Victoir Douberday,vdouberday6b@salon.com,+994 832 542 5810,2WR-9XH-7CG,26
229,Aldrich St. Clair,ast6c@list-manage.com,+86 953 159 2045,1VN-XLE-V3Y,19
230,Heda Accomb,haccomb6d@shop-pro.jp,+880 265 160 1698,GEA-OP4-0GQ,19
231,Shalna Sibborn,ssibborn6e@photobucket.com,+81 753 471 5239,232-KUN-X1T,41
232,Dyann Dobey,ddobey6f@senate.gov,+86 441 961 1276,NJA-VDF-GC4,63
233,Dalton Downer,ddowner6g@nsw.gov.au,+63 387 863 5208,6K6-6X4-YEG,80
234,Ingaborg Glass,iglass6h@google.pl,+33 606 378 8146,2EN-6G5-AW5,67
235,Juliann Olin,jolin6i@wufoo.com,+351 765 269 0882,6ER-6PJ-PYX,75
236,Denny Yerbury,dyerbury6j@twitpic.com,+62 184 845 4397,ZG9-DHL-XZQ,67
237,Kandy Stark,kstark6k@google.com.au,+53 380 749 6692,6ZL-SMQ-DRZ,46
238,Henrik Casserly,hcasserly6l@washingtonpost.com,+86 893 297 4274,B8V-BBP-4RF,13
239,Duffy Pocklington,dpocklington6m@webs.com,+86 812 276 5795,AO4-JE9-9GD,50
240,Frederik Diable,fdiable6n@jugem.jp,+39 161 375 5554,AAG-X8N-4CU,4
241,Dora Prestney,dprestney6o@wikispaces.com,+46 222 479 3396,SDS-8MV-7L5,69
242,Seward Skotcher,sskotcher6p@cbslocal.com,+7 885 650 9100,09S-FIC-NBM,74
243,Lorinda Allans,lallans6q@fastcompany.com,+62 469 315 0574,U1E-R0E-QMZ,19
244,Faythe Haire,fhaire6r@constantcontact.com,+57 346 314 9509,WYU-78N-EEN,4
245,Corissa Billam,cbillam6s@addtoany.com,+62 157 341 6814,B26-336-BZQ,33
246,Yorgo Biss,ybiss6t@spiegel.de,+33 251 910 1947,SQ9-LQP-FW0,35
247,Waring Tyre,wtyre6u@hatena.ne.jp,+1 812 283 5855,04B-CNW-7OA,2
248,Hurlee Crebott,hcrebott6v@telegraph.co.uk,+86 422 552 2909,MB3-U3X-FNK,14
249,Alfie Tythacott,atythacott6w@moonfruit.com,+7 130 738 2381,8ZD-UO8-XYU,32
250,Harriett Czaple,hczaple6x@mediafire.com,+504 191 834 3615,VMA-VI2-485,26
251,Harriott Plumley,hplumley6y@comsenz.com,+62 109 486 9708,Y20-3EG-4V4,42
252,Rosy Andrews,randrews6z@washingtonpost.com,+33 128 297 8117,Z14-I33-0RC,79
253,Ondrea Laval,olaval70@who.int,+62 582 396 2707,4JC-N5R-X68,56
254,Cheri Hillborne,chillborne71@nih.gov,+52 664 410 0684,MVP-X6Y-QEE,17
255,Claudine MacSherry,cmacsherry72@mayoclinic.com,+63 933 833 1680,61Z-R3M-W0G,77
256,Arie Crisp,acrisp73@miitbeian.gov.cn,+86 169 145 4721,55A-4A7-A12,34
257,Emilie Dohms,edohms74@pinterest.com,+86 896 329 1020,UNK-NN0-DTK,31
258,Audie Boch,aboch75@cbc.ca,+30 905 667 3225,N29-JZH-X6W,67
259,Cherilynn Curnock,ccurnock76@wunderground.com,+86 269 219 0862,MII-HDI-HK3,65
260,Julian Hatrick,jhatrick77@gmpg.org,+48 919 115 6629,RJV-8Z0-4RT,72
261,Kiersten Meaton,kmeaton78@xing.com,+1 605 284 4691,CHI-33S-MOV,51
262,Inesita Juden,ijuden79@reddit.com,+62 941 603 2417,TXE-M72-3QF,14
263,Dael Cossans,dcossans7a@cloudflare.com,+591 378 311 9974,X3L-A20-L7E,24
264,Bettina Garard,bgarard7b@yelp.com,+55 520 761 2362,YER-IFS-FWS,11
265,Vinni Rebichon,vrebichon7c@nih.gov,+976 364 340 8099,H5K-C1N-MI2,7
266,Carmina Rosenbush,crosenbush7d@chronoengine.com,+55 511 811 8412,P8H-IJ1-44O,41
267,Rinaldo Itzchaki,ritzchaki7e@scribd.com,+81 911 455 5604,93H-X0C-IJ1,76
268,Lou Siaspinski,lsiaspinski7f@exblog.jp,+55 292 500 7898,XHV-G7W-ED8,59
269,Ruthanne Okill,rokill7g@csmonitor.com,+7 855 765 8539,ZST-B1D-EP1,22
270,Paton Betteney,pbetteney7h@noaa.gov,+54 893 700 7277,THB-0AT-5CO,14
271,Jodi Muckeen,jmuckeen7i@noaa.gov,+92 755 919 6312,TM3-1SR-LFB,13
272,Adrianne Skouling,askouling7j@utexas.edu,+86 955 840 4276,UII-RLD-OIS,60
273,Clive Stockdale,cstockdale7k@dion.ne.jp,+86 875 383 9703,PQR-C7E-UMX,2
274,Harris Benneyworth,hbenneyworth7l@fema.gov,+351 301 923 7731,IW4-ERA-1MR,63
275,Vitoria Budnk,vbudnk7m@google.nl,+48 958 123 2069,9NQ-D8T-0A5,37
276,Fawne MacSkeaghan,fmacskeaghan7n@cornell.edu,+62 549 701 0106,84K-NGW-JAK,6
277,Bram Forgan,bforgan7o@hexun.com,+62 254 401 6759,XVE-QI5-WHE,5
278,Flore Matthensen,fmatthensen7p@kickstarter.com,+358 323 254 9055,Y02-ZI8-RKD,11
279,Winnie Gethin,wgethin7q@yandex.ru,+381 226 529 9667,UUB-2FW-W5W,71
280,Holly Ceschelli,hceschelli7r@elpais.com,+33 321 436 4520,N7N-S5P-7JL,75
281,Jessamine Skellon,jskellon7s@ihg.com,+234 982 605 1724,NOK-7L5-VGL,37
282,Abner Leyshon,aleyshon7t@yandex.ru,+351 729 563 6821,E4Y-4S4-K6Q,38
283,Cybil Dudenie,cdudenie7u@timesonline.co.uk,+1 322 873 7707,I70-Q34-CZ7,16
284,Rice Vince,rvince7v@bigcartel.com,+62 376 871 6593,XNN-8VK-OYX,80
285,Monti Verrillo,mverrillo7w@storify.com,+86 635 565 4779,JIP-X1U-9HI,40
286,Barde Bangle,bbangle7x@apache.org,+62 433 665 2187,5GJ-LNX-UD2,75
287,Tomasine Paddison,tpaddison7y@shop-pro.jp,+86 962 928 0694,75Z-VTV-BOB,45
288,Nicolle Orrah,norrah7z@tinypic.com,+62 560 146 8334,IDW-29G-3EX,6
289,Dareen Finlan,dfinlan80@gov.uk,+95 357 701 4937,EVC-UXL-VGU,24
290,Jeff Harp,jharp81@so-net.ne.jp,+257 129 794 6574,BDF-GC6-5UQ,52
291,Tera Featherbie,tfeatherbie82@tinypic.com,+86 613 919 3214,3KS-RSI-9H9,7
292,Herbie Palk,hpalk83@a8.net,+1 214 617 6866,MSS-6AJ-3N0,1
293,Danny Pennigar,dpennigar84@amazon.de,+228 775 274 7805,132-Z1L-PYW,33
294,Dillon Toulmin,dtoulmin85@omniture.com,+380 103 993 9942,3NN-X1Q-0GD,32
295,Tades Dymond,tdymond86@storify.com,+62 976 226 9083,JN5-1B0-DSY,39
296,Helaina Extance,hextance87@issuu.com,+62 239 866 7255,G6C-JZE-95D,75
297,Saidee Hesser,shesser88@ocn.ne.jp,+84 781 386 4042,BLE-8V5-QEV,72
298,Lulita Muscott,lmuscott89@hhs.gov,+51 737 453 3729,2JG-7ME-USN,43
299,Issi Comazzo,icomazzo8a@issuu.com,+86 124 423 0262,EXU-B8N-B8E,50
300,Hillie Sinderland,hsinderland8b@arstechnica.com,+57 607 537 5252,A6U-D8P-QJ6,25
301,Laverna Janks,ljanks8c@creativecommons.org,+46 663 706 5626,E5O-0F0-SZB,54
302,Merissa McRory,mmcrory8d@wikia.com,+7 311 791 0065,8PW-0JP-L3B,7
303,Idalia Paton,ipaton8e@netscape.com,+84 180 896 6402,YCI-L1F-WBT,28
304,Fredelia O'Donnell,fodonnell8f@cornell.edu,+54 908 618 8194,VPB-S8Q-HLY,56
305,Florance De Normanville,fde8g@google.pl,+86 388 321 8370,66C-GPB-XSW,75
306,Demetrius Weson,dweson8h@bluehost.com,+54 694 534 7371,K1W-CVL-AAR,49
307,Howard Novill,hnovill8i@prlog.org,+63 806 228 2456,5KT-4PR-6AU,2
308,Nels Wallage,nwallage8j@comcast.net,+62 936 696 5631,23F-2U8-MK9,27
309,Gilbertina Priel,gpriel8k@huffingtonpost.com,+62 315 451 4748,HGV-Q7Q-DFZ,19
310,Libby Jaffra,ljaffra8l@webmd.com,+86 383 893 1001,4AA-VMJ-90J,60
311,Gareth Arnao,garnao8m@archive.org,+55 327 501 9166,XD2-W49-W32,37
312,Cherri Triggle,ctriggle8n@sfgate.com,+63 177 422 7132,8B8-1EP-6TE,39
313,Lynette Gorhardt,lgorhardt8o@odnoklassniki.ru,+46 504 394 3725,EGA-XVG-MPE,21
314,Vivienne Blaydon,vblaydon8p@europa.eu,+46 986 844 4950,5FS-CVV-7H8,35
315,Issiah Leeves,ileeves8q@networksolutions.com,+46 697 633 8028,WYU-TY5-2SU,52
316,Lewiss Climpson,lclimpson8r@harvard.edu,+1 248 801 3918,VC6-MYR-YL5,10
317,Lanny Antoniou,lantoniou8s@dmoz.org,+55 730 805 0644,DRE-7BB-928,73
318,Ambros Bache,abache8t@rakuten.co.jp,+86 611 198 8228,ETS-NRH-634,45
319,Antoni Rumble,arumble8u@tamu.edu,+86 857 438 0740,Q0S-D7D-OZH,53
320,Dominik Galbreth,dgalbreth8v@eventbrite.com,+86 762 934 1984,AIA-0IJ-A7A,75
321,Christan Gierck,cgierck8w@usnews.com,+251 171 688 2274,I1Y-D3C-E6B,9
322,Arnold Johnikin,ajohnikin8x@phoca.cz,+62 198 194 6486,5N0-S4A-IXZ,53
323,Tim Walrond,twalrond8y@blog.com,+62 309 727 8435,8KF-Z6M-FMU,47
324,Crystal Defont,cdefont8z@samsung.com,+86 645 840 2771,YW9-E5M-B7M,21
325,Pauly Bracegirdle,pbracegirdle90@theguardian.com,+995 523 395 4979,UM8-ALE-QRP,78
326,Sissy Perryn,sperryn91@hubpages.com,+33 857 932 6163,FUK-VH6-PIZ,56
327,Griffith Mariner,gmariner92@imdb.com,+7 940 572 5915,RIR-3GF-E1F,45
328,Nina Heggman,nheggman93@usatoday.com,+62 976 764 4753,VHD-RQE-BE5,6
329,Dory Gravy,dgravy94@networksolutions.com,+86 691 666 2960,3ZD-PP5-SQQ,56
330,Temp Ollerhead,tollerhead95@blogspot.com,+86 679 701 5684,YLT-NUY-N73,24
331,Bryn Linforth,blinforth96@yellowpages.com,+351 827 208 5307,TQD-YO6-11Y,77
332,Weylin Sirett,wsirett97@aol.com,+86 215 865 4861,SLD-PTQ-AF2,19
333,Jenilee Blamey,jblamey98@blogtalkradio.com,+86 801 887 1476,P1U-04G-J86,61
334,Merilyn Gravatt,mgravatt99@homestead.com,+53 628 791 4458,X1N-GFM-7RN,18
335,Godfry Venmore,gvenmore9a@uiuc.edu,+86 161 151 8061,640-9NJ-Z10,10
336,Norrie Buckmaster,nbuckmaster9b@dell.com,+55 482 121 6177,SN3-4U9-GCN,75
337,Annemarie Hoggin,ahoggin9c@people.com.cn,+62 158 385 4214,2DR-1IB-LSF,39
338,Alidia De Bell,ade9d@netvibes.com,+86 375 458 8433,AJU-C72-NBK,7
339,Jessie Tabb,jtabb9e@ox.ac.uk,+359 190 158 6645,0HC-2VO-A0B,49
340,Kamila Prestwich,kprestwich9f@jiathis.com,+62 645 586 3232,DTL-D78-JTH,42
341,Keelby Rosten,krosten9g@ca.gov,+86 116 832 2977,I3G-QJ0-17T,45
342,Antin Esby,aesby9h@narod.ru,+84 237 923 9817,O9Q-2YP-NAI,18
343,Anatole Whitehorne,awhitehorne9i@umn.edu,+351 131 757 8166,OXT-A2K-SNB,50
344,Blinnie Sewley,bsewley9j@live.com,+51 741 252 2186,OET-4FN-1WK,54
345,Florry Borsi,fborsi9k@accuweather.com,+86 215 326 9739,ULB-ZU3-5XK,58
346,Taddeo Ringsell,tringsell9l@gravatar.com,+86 675 124 7035,1RE-WBB-YDD,72
347,Cleopatra Tebbutt,ctebbutt9m@hhs.gov,+48 849 514 7102,T8K-KRN-8WK,46
348,Aloin Griffey,agriffey9n@1und1.de,+351 586 808 7317,9NA-HW8-UHZ,13
349,Glen Latek,glatek9o@mtv.com,+86 422 648 7434,C5I-4V0-PRD,51
350,Willem McKiddin,wmckiddin9p@multiply.com,+27 286 729 7586,U0E-WKP-3DZ,26
351,Avram Hazart,ahazart9q@state.gov,+234 551 726 7889,E29-SIY-MIQ,55
352,Davin Asals,dasals9r@java.com,+86 733 746 0188,ERO-ES3-WVC,57
353,Fernandina Togwell,ftogwell9s@va.gov,+86 482 653 8836,1OZ-G6I-G6T,50
354,Margarethe Tremmil,mtremmil9t@nba.com,+63 109 850 5711,NJM-P62-J8J,9
355,Whitman Verey,wverey9u@cargocollective.com,+351 530 841 7277,UU8-IDH-YAT,73
356,Marris Goor,mgoor9v@meetup.com,+381 688 874 1746,3NQ-IU4-462,58
357,Chaddie Grelak,cgrelak9w@symantec.com,+86 267 646 4806,CYH-51C-A69,67
358,Annnora Niblett,aniblett9x@hatena.ne.jp,+86 656 159 2041,G5K-LQ7-IVL,66
359,Jamison Pluthero,jpluthero9y@miitbeian.gov.cn,+57 732 502 7644,T67-SSA-JF0,54
360,Alvis Lammie,alammie9z@rambler.ru,+81 646 711 3663,N2R-PUS-QQO,79
361,Gaby Martynka,gmartynkaa0@simplemachines.org,+81 947 866 4072,Q9E-77A-9PL,46
362,Clemente Aartsen,caartsena1@example.com,+387 954 151 8684,EZS-4RM-CZM,57
363,Theadora Kubica,tkubicaa2@businessinsider.com,+351 256 566 7345,3YN-VTN-XXA,3
364,Elihu Schroter,eschrotera3@gravatar.com,+55 735 741 9886,BHU-9O0-AAB,58
365,Zsa zsa Houltham,zzsaa4@usnews.com,+62 542 535 1263,JXX-TJT-X6P,29
366,Anna Blacksell,ablacksella5@liveinternet.ru,+1 336 643 5282,BFQ-354-96U,22
367,Rhonda Spottswood,rspottswooda6@hibu.com,+48 781 489 2942,D5A-7KZ-L8Y,60
368,Heddie Boast,hboasta7@barnesandnoble.com,+60 181 204 0390,FWL-OCL-M8X,41
369,Morganica Kreber,mkrebera8@ustream.tv,+63 514 652 1676,56O-WAM-AFU,54
370,Jasmine Phippen,jphippena9@gov.uk,+380 247 128 3313,4LN-WPP-CQE,45
371,Ambur De Anesy,adeaa@npr.org,+7 466 942 7904,OOS-GXB-Y0A,75
372,Albertina Phin,aphinab@networksolutions.com,+380 463 285 5602,MVT-OBJ-8M3,37
373,Edin Foxworthy,efoxworthyac@deviantart.com,+46 703 219 8330,L9X-9AD-ZQ0,22
374,Neysa Pasfield,npasfieldad@sogou.com,+52 717 856 3939,9QQ-Q6X-D28,43
375,Kelcy Rawdall,krawdallae@noaa.gov,+381 584 247 7717,TJF-YSW-EPD,77
376,Ned Reiach,nreiachaf@simplemachines.org,+86 263 549 3972,SV0-TZB-M2D,53
377,Tessy Philippon,tphilipponag@wikipedia.org,+54 300 595 0010,H1R-6LY-IUD,15
378,Marybeth von Nassau,mvonah@360.cn,+86 521 581 0565,LM2-ONI-DUA,9
379,Steffie Giblin,sgiblinai@mozilla.org,+972 732 754 5826,VRS-RLE-WUQ,57
380,Kimble Stovell,kstovellaj@guardian.co.uk,+86 749 415 2360,KY6-BB7-6P7,23
381,Mikel Aldins,maldinsak@ox.ac.uk,+355 791 245 6862,FBY-PUT-P1B,19
382,Ronda Itzig,ritzigal@yelp.com,+33 993 462 6603,LVH-7YB-YRE,34
383,Nathanil Jeffers,njeffersam@nasa.gov,+48 198 160 3750,OKA-CN6-XLG,60
384,Marianna Filby,mfilbyan@google.es,+62 603 174 2702,SVG-DJG-57R,46
385,Velma Whitsey,vwhitseyao@google.de,+48 286 177 9250,72M-TIY-EY6,49
386,Marilee Bamell,mbamellap@cdc.gov,+86 665 844 4756,MCL-7DB-TUK,30
387,Ferd Arboine,farboineaq@plala.or.jp,+380 726 461 1534,4BK-4DR-IIC,73
388,Jillie De Beauchamp,jdear@odnoklassniki.ru,+855 929 400 4514,MYJ-M1W-WIH,41
389,Elena Studdert,estuddertas@google.com,+86 842 733 8199,6PW-V77-XNA,29
390,Hilde Kupisz,hkupiszat@cnbc.com,+52 577 765 3408,ITC-5HF-X0U,75
391,Dilly Davidwitz,ddavidwitzau@bizjournals.com,+7 913 210 7134,3D6-AHH-MLK,55
392,Aurora Waliszek,awaliszekav@tmall.com,+48 765 673 6975,9JZ-3OX-FDW,80
393,Patti Murley,pmurleyaw@privacy.gov.au,+86 400 639 2560,ZI4-1RD-S3N,26
394,Jard Mutter,jmutterax@dedecms.com,+82 761 250 4398,527-RTM-BQ2,48
395,Lucretia Durrad,ldurraday@w3.org,+86 635 894 0579,EKO-38L-X1F,57
396,Francoise De Beauchemp,fdeaz@boston.com,+351 574 263 4208,AON-FC4-EJE,19
397,Antonella Parkins,aparkinsb0@princeton.edu,+880 905 298 5236,JKG-8LI-NUL,29
398,Kayle Wenn,kwennb1@sourceforge.net,+7 888 269 4526,V74-PFN-X6T,58
399,Morty Hebbs,mhebbsb2@aboutads.info,+385 416 990 0675,6BQ-4YV-PA6,31
400,Gwenneth Croneen,gcroneenb3@fc2.com,+64 482 943 0522,BO5-ZZQ-RW5,44
401,Wash Laidlow,wlaidlowb4@unc.edu,+86 456 618 6268,B2B-PQY-ZX4,2
402,Korie Top,ktopb5@imdb.com,+84 290 752 2358,6M1-G8C-KFU,61
403,Silvio Hambrook,shambrookb6@usgs.gov,+51 243 615 8583,KPT-W7J-OH5,22
404,Kenna Benedicto,kbenedictob7@edublogs.org,+7 537 836 8586,UXE-TCX-B5Y,15
405,Cherri Mapam,cmapamb8@yolasite.com,+86 699 616 0628,RFM-1QC-X4E,70
406,Bastian Davy,bdavyb9@cocolog-nifty.com,+63 857 814 0088,ZT2-2W9-9XJ,10
407,Gamaliel Twiddell,gtwiddellba@chronoengine.com,+1 718 198 2824,PSW-599-2KS,62
408,Basilio Baldin,bbaldinbb@slideshare.net,+86 766 753 2312,VM1-LO9-UP8,16
409,Cecilius Meaddowcroft,cmeaddowcroftbc@privacy.gov.au,+54 847 921 4053,H0Z-QRF-0YZ,55
410,Margarita Fahey,mfaheybd@army.mil,+33 209 364 2258,488-PNB-2EK,31
411,Lorelei Sarfass,lsarfassbe@alexa.com,+33 479 696 1273,EG7-DEQ-G48,76
412,Rheta Tutill,rtutillbf@wisc.edu,+855 474 723 7971,F20-JTW-332,78
413,Clevey Genny,cgennybg@pagesperso-orange.fr,+1 717 340 7279,L9L-7CI-0E7,78
414,Lebbie O'Currigan,locurriganbh@cpanel.net,+355 485 263 0809,H41-QJA-75Q,70
415,Marilee Kirlin,mkirlinbi@samsung.com,+63 649 771 4548,8K5-FIK-0BR,79
416,Adelbert Purse,apursebj@miibeian.gov.cn,+62 150 156 0554,SF8-XFG-DG2,77
417,Natalya Towl,ntowlbk@last.fm,+880 190 857 5654,695-XPX-W46,29
418,Gelya Di Carli,gdibl@desdev.cn,+594 157 254 7599,3PG-W40-8CE,21
419,Lethia Molder,lmolderbm@reverbnation.com,+53 617 814 2161,7LC-Z5B-SUC,54
420,Ephrem Carey,ecareybn@eepurl.com,+55 355 621 0576,WG1-EXB-WHG,32
421,Bancroft Torrisi,btorrisibo@t-online.de,+45 346 404 2598,UOB-FBI-XJG,62
422,Sibel Evason,sevasonbp@usnews.com,+1 871 645 3388,F2X-YD5-TTD,40
423,Carolina De Cleyne,cdebq@businessweek.com,+1 916 913 5321,1PM-P32-5Z4,41
424,Nicolle McGahey,nmcgaheybr@yahoo.com,+7 266 646 6861,PZB-PBB-YL5,2
425,Britt Calcutt,bcalcuttbs@qq.com,+86 295 602 0456,RUE-SL5-WM2,34
426,Mercy Lodo,mlodobt@digg.com,+7 370 793 0861,9WN-3Z4-63D,34
427,Adena Toothill,atoothillbu@microsoft.com,+850 659 884 6969,5FE-0PU-ZWB,2
428,Fredrick Jouhning,fjouhningbv@google.fr,+62 688 805 3655,4IN-5VV-DMY,65
429,Felicdad Howsin,fhowsinbw@gov.uk,+62 475 626 4620,8E4-8T5-KYV,50
430,Ardyce McPaik,amcpaikbx@twitpic.com,+381 953 892 8391,YM3-NJ7-MEL,52
431,Ivy Selwood,iselwoodby@parallels.com,+62 129 163 4235,X9G-4BS-BTK,32
432,Phineas Athy,pathybz@google.ca,+86 263 753 7379,0KO-1ZW-XWN,4
433,Tallulah Rutgers,trutgersc0@nsw.gov.au,+62 595 729 7391,JZU-ACT-NP8,69
434,Colin Thew,cthewc1@youtu.be,+7 762 221 7120,T4O-B5Q-136,18
435,Maurizia Wafer,mwaferc2@youtube.com,+55 243 924 7682,48N-EXK-5JH,46
436,Trix Le Count,tlec3@symantec.com,+66 727 609 5088,S1N-0YA-N6W,4
437,Kimberlee Heinicke,kheinickec4@mtv.com,+54 859 375 9193,7HE-DU1-NK5,4
438,Jemmie Philot,jphilotc5@sakura.ne.jp,+225 955 977 5325,08F-KF4-G9R,62
439,Catlaina Verson,cversonc6@census.gov,+504 135 561 7184,9LL-KC4-7RN,80
440,Moses Kernoghan,mkernoghanc7@independent.co.uk,+30 383 903 7064,9AB-TRG-T7Y,1
441,Vivienne Ferber,vferberc8@amazon.com,+49 490 533 6506,2E5-MLU-52T,34
442,Towney McKeney,tmckeneyc9@prnewswire.com,+381 957 690 2668,MEO-3C5-NCN,10
443,Cyril Humphrys,chumphrysca@arstechnica.com,+86 562 397 4399,W64-0ZF-KH3,63
444,Andris Ryrie,aryriecb@usgs.gov,+60 570 489 9446,KD5-RII-K5J,66
445,Jessie Matfin,jmatfincc@yahoo.co.jp,+33 550 620 1760,4UH-MN6-6HP,80
446,Stephine Birkmyre,sbirkmyrecd@ibm.com,+86 282 114 6249,R4X-4JY-3SQ,47
447,Kaine Stillwell,kstillwellce@nhs.uk,+63 687 628 6041,5OE-SN1-4MF,73
448,Brice Shaughnessy,bshaughnessycf@patch.com,+94 249 958 7424,3DR-01C-WN7,29
449,Rorie Frail,rfrailcg@zdnet.com,+62 887 439 9903,J5H-HAW-700,33
450,Sylas Donat,sdonatch@sfgate.com,+49 280 844 5946,Y0D-22Z-S7Z,23
451,Philip Hans,phansci@ocn.ne.jp,+420 400 398 6099,89S-UFU-DGM,9
452,Georgetta Kienl,gkienlcj@gmpg.org,+7 218 274 8732,ED1-ET6-1NS,32
453,Blanch Glavias,bglaviasck@uiuc.edu,+48 148 163 2582,PVW-D3J-KT0,17
454,Gregor Linck,glinckcl@icq.com,+86 566 380 9568,W32-XTM-A6O,8
455,Ardenia Howlett,ahowlettcm@vistaprint.com,+850 467 669 1225,VIR-URH-9NY,54
456,Valida Elias,veliascn@shop-pro.jp,+93 921 504 7674,SO9-PFJ-M4P,74
457,Agosto Smeeton,asmeetonco@globo.com,+233 579 294 4894,1J8-IRN-UZM,60
458,Celka O'Rudden,coruddencp@va.gov,+86 205 602 5002,KL4-1SE-U51,54
459,Clementina Bourgourd,cbourgourdcq@people.com.cn,+7 326 502 0908,KXA-89K-WU6,52
460,Asa Trevear,atrevearcr@4shared.com,+92 550 219 0092,UCM-JK7-LA4,5
461,Yetty Hillhouse,yhillhousecs@foxnews.com,+86 931 542 8723,18M-TZO-ZWH,25
462,Bernita McNaughton,bmcnaughtonct@npr.org,+98 581 481 3542,FYV-QYL-3QD,12
463,Currie Dorian,cdoriancu@rambler.ru,+62 590 326 5987,41N-FS2-WZA,14
464,Hirsch Palombi,hpalombicv@sbwire.com,+86 652 925 7138,SLA-B45-9B5,34
465,Stafford Ghiraldi,sghiraldicw@sitemeter.com,+54 304 609 4415,DCF-S54-MJC,43
466,Carleton Browncey,cbrownceycx@slashdot.org,+62 919 668 4122,618-YDU-CLR,15
467,Bibbie Creed,bcreedcy@blogspot.com,+420 663 103 1626,EV8-UR1-8Q8,8
468,Corinne Conelly,cconellycz@hexun.com,+47 784 164 8679,0KE-NOK-1U9,39
469,Barnabe Strelitz,bstrelitzd0@google.es,+62 889 401 7512,JJM-CLL-8LR,69
470,Fredric Dowzell,fdowzelld1@jalbum.net,+98 737 360 2663,5A2-CZX-SP4,51
471,Margit Picopp,mpicoppd2@dropbox.com,+420 958 371 8683,L5T-WDU-WDF,33
472,Arnie Shovelton,ashoveltond3@rediff.com,+98 578 399 1830,XA0-4TJ-GLQ,71
473,Ginny Semaine,gsemained4@latimes.com,+86 459 726 5403,WVJ-2Z5-BY4,21
474,Brewer Niaves,bniavesd5@linkedin.com,+55 184 983 2582,EQ1-QO6-7XG,80
475,Reina Attwoull,rattwoulld6@list-manage.com,+359 440 951 8853,YNV-8QU-U9U,40
476,Tiff Lecount,tlecountd7@discovery.com,+591 567 941 9619,ADT-TOY-9NP,14
477,Gale Cribbott,gcribbottd8@epa.gov,+62 581 472 6405,P4V-GEO-M3Z,6
478,Legra Hunter,lhunterd9@youtu.be,+82 621 874 4041,JHS-X93-6T7,47
479,Minna Christmas,mchristmasda@constantcontact.com,+46 865 618 7879,87L-ZZY-TSF,26
480,Beth Johnsey,bjohnseydb@examiner.com,+63 653 118 5400,QNV-FOP-5PU,68
481,Cassius Ladell,cladelldc@illinois.edu,+976 875 895 5963,T55-DC5-SXN,2
482,Car Baumford,cbaumforddd@hostgator.com,+30 609 523 1548,9S2-4F9-DCW,31
483,Madelin McCurtin,mmccurtinde@businessinsider.com,+964 178 160 5471,JKA-QO1-P8U,67
484,Elisabet Peregrine,eperegrinedf@cmu.edu,+62 674 932 9714,ZS4-6YV-EZQ,40
485,Tabby Van Rembrandt,tvandg@google.com.au,+7 120 399 5238,SB6-0BM-IEZ,67
486,Clementia Stansbie,cstansbiedh@infoseek.co.jp,+380 648 866 6445,Y1A-M16-84B,61
487,Constancy Ceyssen,cceyssendi@independent.co.uk,+86 912 779 1444,J3L-EG4-OTL,23
488,Delinda Taig,dtaigdj@w3.org,+62 452 554 8263,TLR-SG4-YAB,37
489,Danyelle Jaouen,djaouendk@studiopress.com,+86 537 698 0459,YOZ-3DO-TCR,21
490,Prissie Ewbanck,pewbanckdl@netvibes.com,+62 464 898 0637,M3L-O2O-R6Q,63
491,Ignazio Pear,ipeardm@w3.org,+86 454 697 9529,TH3-76X-NJ7,27
492,Ailis Maytum,amaytumdn@reference.com,+230 358 957 6801,8EE-F8Y-M3U,35
493,Immanuel Eburne,ieburnedo@yellowpages.com,+86 188 963 5859,K7X-RY0-NJ6,24
494,Pip Stodhart,pstodhartdp@chronoengine.com,+7 644 981 6463,F4Q-05T-ZVC,41
495,Linda Dennert,ldennertdq@chicagotribune.com,+385 453 799 9237,P3S-5BK-DJH,30
496,Araldo Pickles,apicklesdr@bing.com,+86 889 930 7605,5ZB-K2N-JRP,63
497,Lucy McIlwreath,lmcilwreathds@pinterest.com,+963 412 938 1213,Q58-ST4-YFH,54
498,Stella Bolt,sboltdt@domainmarket.com,+93 618 743 3097,LWE-A57-U76,60
499,Ashia Maybery,amayberydu@blog.com,+52 691 656 8559,O9U-739-ODZ,27
500,Marc Petrillo,mpetrillodv@bluehost.com,+504 607 110 5457,WAR-TYV-G56,14
501,Trent Nares,tnaresdw@oaic.gov.au,+55 694 864 8517,AVZ-GXD-69N,10
502,Rubie Mayworth,rmayworthdx@patch.com,+86 800 223 1151,Z9X-ANI-LA0,41
503,Wit Eyckelberg,weyckelbergdy@craigslist.org,+86 530 630 6935,H1U-FQX-YB1,68
504,Lissa Rotte,lrottedz@accuweather.com,+86 435 546 8486,QOR-L42-2ZF,52
505,Joela Kaser,jkasere0@bloomberg.com,+245 236 659 6034,HPF-GHR-SSN,73
506,Ralf Lampitt,rlampitte1@storify.com,+970 900 107 7167,C0Q-CXK-QIJ,73
507,Farah Volk,fvolke2@elpais.com,+62 432 467 7592,RRQ-XU8-9RX,71
508,Lek Luxton,lluxtone3@163.com,+84 616 863 6169,8C6-U8N-6CE,10
509,Fanni Klink,fklinke4@google.com.hk,+502 325 717 0426,XRX-SSY-XE3,17
510,Ernesto Antao,eantaoe5@taobao.com,+225 542 416 0622,HZD-7KA-HYE,53
511,Gregg Regardsoe,gregardsoee6@slashdot.org,+63 164 157 3243,I1G-MZG-92I,24
512,Walden Haywood,whaywoode7@blogs.com,+62 405 258 7860,JL4-UVU-IS7,62
513,Bertine Jeromson,bjeromsone8@si.edu,+46 645 978 0842,YFB-DNF-8IL,39
514,Spencer Gawthorp,sgawthorpe9@github.io,+52 167 323 6751,HMO-3ZH-D3V,2
515,Daryl Branchflower,dbranchflowerea@house.gov,+63 352 373 0377,QSE-HGH-D6J,36
516,Audrey Matthisson,amatthissoneb@biblegateway.com,+86 351 459 4028,BLY-TJ2-OCR,7
517,Lurleen Birtle,lbirtleec@yahoo.com,+62 693 292 7480,XP8-ZS7-6RH,5
518,Steffie Rosewarne,srosewarneed@unblog.fr,+86 842 122 1141,OWQ-2B0-XOZ,70
519,Clifford Leathe,cleatheee@moonfruit.com,+86 986 249 2830,ED0-GLW-HPF,60
520,Melisenda Brauner,mbrauneref@drupal.org,+86 981 190 2586,PSO-3XW-ULY,60
521,Bradly Arnet,barneteg@squidoo.com,+55 548 410 8927,9CP-SSJ-QQT,53
522,Herschel Willmore,hwillmoreeh@simplemachines.org,+62 631 749 9175,50L-SXA-I7F,20
523,Evonne Filippi,efilippiei@census.gov,+252 578 999 6772,ZJR-J60-43K,20
524,Phaidra Ogan,poganej@bizjournals.com,+7 174 828 5166,TRT-EA1-R4E,27
525,Sosanna Curtayne,scurtayneek@1und1.de,+86 108 612 1765,4FY-8EI-R5G,2
526,Fanchon Stiff,fstiffel@pagesperso-orange.fr,+86 909 768 2288,887-KCV-UCG,52
527,Kelila Stefi,kstefiem@engadget.com,+57 684 434 1592,RG3-T4E-XF5,69
528,Brigida Iwanicki,biwanickien@naver.com,+57 300 372 0027,0YI-471-V7I,36
529,Gifford Bertenshaw,gbertenshaweo@springer.com,+593 448 402 7740,D8I-5DE-YJN,28
530,Susanne Stainbridge,sstainbridgeep@bravesites.com,+51 416 921 4451,8J5-DG8-06O,55
531,Kris Thebe,kthebeeq@baidu.com,+7 834 363 0703,KCT-6CO-NXE,70
532,Anjela Gilhoolie,agilhoolieer@elpais.com,+216 202 823 7411,0BC-H8Y-1AQ,29
533,Dale Westcar,dwestcares@indiegogo.com,+351 893 546 7655,OLK-NR3-N1H,66
534,Robinson Etock,retocket@tamu.edu,+86 136 193 3195,FTU-Z85-1R7,46
535,Jessi Stanwix,jstanwixeu@bloglines.com,+352 921 434 6766,BH9-3AL-XPK,76
536,Janice McRuvie,jmcruvieev@china.com.cn,+504 936 267 9365,R50-V32-T4J,19
537,Aguistin Borkett,aborkettew@newsvine.com,+46 938 441 9230,DPR-O70-9HI,51
538,Diane-marie Dent,ddentex@ameblo.jp,+86 519 960 7881,A7J-LAV-V9S,50
539,Arch Yakutin,ayakutiney@clickbank.net,+62 115 542 5279,HWG-HCX-XXA,68
540,Ravid Weekland,rweeklandez@twitter.com,+63 400 816 0172,AFO-9EF-0BH,37
541,Dominique Dart,ddartf0@abc.net.au,+251 392 953 7695,H0X-8WN-Z3W,77
542,Etti Greensmith,egreensmithf1@netscape.com,+218 300 518 6348,KYO-Y5H-K7A,70
543,Meier Ondra,mondraf2@sourceforge.net,+46 627 392 2080,R0N-A84-C3X,55
544,Lorain Lidgely,llidgelyf3@chron.com,+62 702 186 1049,FON-Z22-10Q,27
545,Melly Alexandersen,malexandersenf4@blogs.com,+86 624 121 2174,SLK-WSM-6AR,32
546,Doyle Meachem,dmeachemf5@hhs.gov,+98 818 929 0259,WNC-93B-HQG,28
547,Dianne Ascrofte,dascroftef6@uiuc.edu,+33 819 897 1613,CCM-2CZ-QMY,15
548,Madison Wandless,mwandlessf7@ycombinator.com,+7 156 802 8914,Z1N-L2Z-RQ3,72
549,West Munkley,wmunkleyf8@netscape.com,+33 363 405 9765,E92-Z8X-XYV,45
550,Shelagh Bartelet,sbarteletf9@dell.com,+55 786 330 2624,NOB-KEW-Y5L,27
551,Collete Tarrant,ctarrantfa@topsy.com,+7 182 660 4173,1T1-FZ7-2JX,53
552,Reeba Merrydew,rmerrydewfb@csmonitor.com,+1 414 279 0501,8PG-ATH-E66,45
553,Korella Al Hirsi,kalfc@examiner.com,+57 634 472 9697,JWG-6QI-CFB,66
554,Paule Beverley,pbeverleyfd@myspace.com,+234 653 874 7571,15Z-0UK-UKL,1
555,John Garnam,jgarnamfe@netscape.com,+48 302 504 0800,XKL-01M-YON,56
556,Michael Ingrey,mingreyff@g.co,+86 958 943 1933,AS2-21G-OV4,79
557,Arabele Belfitt,abelfittfg@feedburner.com,+46 143 930 9548,Q2M-8N7-OW5,11
558,Cirilo Bail,cbailfh@example.com,+994 741 849 8024,GRW-PY7-6KC,60
559,Ada Klainer,aklainerfi@noaa.gov,+47 988 732 4839,MFU-5HQ-O3F,16
560,Dion Ridewood,dridewoodfj@google.pl,+61 612 837 1677,QK7-M7M-QJ5,50
561,Morganica Finnemore,mfinnemorefk@theguardian.com,+62 222 268 9835,M2W-EHS-YP3,37
562,Claire Bleazard,cbleazardfl@wix.com,+358 941 810 2642,LPB-5PF-P1C,74
563,Josi Dunsleve,jdunslevefm@accuweather.com,+86 776 144 7959,15K-BQ5-4EZ,28
564,Clyde Chastang,cchastangfn@oakley.com,+86 319 509 8617,C7M-205-85L,38
565,Noell Clappison,nclappisonfo@seattletimes.com,+48 137 934 5686,H3B-JNK-6GE,28
566,Elsy Davydoch,edavydochfp@businessinsider.com,+55 683 339 9250,QLA-4VY-KLY,69
567,Waverley Taffurelli,wtaffurellifq@wufoo.com,+55 901 351 3567,03H-KG6-63X,30
568,Thedrick Currm,tcurrmfr@howstuffworks.com,+7 923 796 3359,GNW-2TJ-D24,60
569,Rollins Blindermann,rblindermannfs@cnet.com,+66 912 349 4290,OJ2-VNE-UNK,27
570,Shelby Crinage,scrinageft@globo.com,+86 972 290 5340,Y8C-WTN-R27,52
571,Dolly Heistermann,dheistermannfu@netlog.com,+351 982 954 5242,YQS-YCS-EE6,14
572,Marti Emblow,memblowfv@slashdot.org,+234 518 179 1564,MG0-NZY-3JB,37
573,Chlo Brookson,cbrooksonfw@answers.com,+86 776 883 5860,GL9-KIQ-YDN,44
574,Almire Gorling,agorlingfx@businessweek.com,+86 108 579 9411,T5R-KE6-0TV,65
575,Meggy Foley,mfoleyfy@sphinn.com,+7 918 251 5287,MKS-LJ8-Y3U,59
576,Lindsey Daniau,ldaniaufz@mapquest.com,+505 521 792 9663,7UJ-EB9-3HD,3
577,Thaddus Fittes,tfittesg0@craigslist.org,+63 814 435 7664,85D-BRN-IGH,27
578,Basilio Thewlis,bthewlisg1@salon.com,+62 278 463 5554,XLJ-GNS-FKF,16
579,Piotr McKeevers,pmckeeversg2@cloudflare.com,+381 627 249 6038,J9W-YF6-6VQ,73
580,Madge Willetts,mwillettsg3@ucsd.edu,+880 214 584 3772,2EU-BYQ-Q72,21
581,Thom Robers,trobersg4@noaa.gov,+351 693 627 5674,V1U-E07-4NI,55
582,Helen Tappor,htapporg5@aol.com,+7 884 180 7040,ZFM-AIL-AQN,64
583,Seth Thomasset,sthomassetg6@ycombinator.com,+7 715 861 4867,LKE-X1T-4EM,24
584,Robinet Dunlap,rdunlapg7@sohu.com,+33 658 173 1085,H5B-3DZ-UBQ,36
585,Betteann McClinton,bmcclintong8@360.cn,+48 503 293 4610,NZY-SO4-9SN,68
586,Fae Curro,fcurrog9@bloomberg.com,+234 167 991 8869,YO9-1FO-KPM,56
587,Sansone Murphy,smurphyga@berkeley.edu,+389 557 574 1265,KUP-XG4-HVB,38
588,Tessy Byne,tbynegb@ucsd.edu,+86 494 694 1605,YSA-NKO-SGX,19
589,Kayley Yegorovnin,kyegorovningc@yandex.ru,+54 879 711 8244,YP4-9HG-H5B,64
590,Honor Rudyard,hrudyardgd@angelfire.com,+86 214 858 5848,G59-424-5YR,75
591,Jarrid Lissaman,jlissamange@youtu.be,+420 721 406 6061,RFW-FGX-LPM,7
592,Brenn Marusic,bmarusicgf@ustream.tv,+86 366 840 2292,A44-29W-SWR,25
593,Elinor Whawell,ewhawellgg@ihg.com,+48 296 891 3766,GJ1-LVO-ZVL,24
594,Wynn Grollmann,wgrollmanngh@blogger.com,+86 697 992 6286,9LM-4IY-8NA,43
595,Mickie Poulney,mpoulneygi@army.mil,+62 525 888 5399,W9N-GF1-CKX,17
596,Garv Jumeau,gjumeaugj@icq.com,+33 675 872 8503,7IU-6HZ-44V,73
597,Violet Di Giorgio,vdigk@fc2.com,+63 920 957 2411,FI5-416-3SJ,34
598,Bertine Ryle,brylegl@php.net,+970 917 505 5345,L1S-V3N-548,64
599,Buddy Lyall,blyallgm@blogspot.com,+237 122 471 5445,HCS-ECE-14A,29
600,Nanette Spolton,nspoltongn@seesaa.net,+86 594 108 9509,ZMU-5RS-7RD,33
601,Daveta Kneal,dknealgo@cnbc.com,+86 369 648 0719,T4W-TBK-6BO,73
602,Jack Henrie,jhenriegp@eventbrite.com,+62 469 937 0790,R0E-8ER-FOS,39
603,Zebedee Heinsen,zheinsengq@indiegogo.com,+223 726 307 0696,3JM-YTQ-F0O,28
604,Gris Aizlewood,gaizlewoodgr@constantcontact.com,+81 579 808 4958,PPT-G4X-1ZR,18
605,Ailina Brouard,abrouardgs@jigsy.com,+258 868 225 1297,XNC-LZS-ICN,42
606,Torre Hull,thullgt@hp.com,+62 731 291 8952,HL3-IDI-BRS,75
607,Aidan Mohring,amohringgu@abc.net.au,+1 356 417 9430,DN9-Z2T-1N4,21
608,Reynolds Mustoe,rmustoegv@who.int,+62 239 845 8327,W9R-JFX-E99,50
609,Elysia Nellen,enellengw@chron.com,+86 665 189 4619,TPF-F1J-M2G,78
610,Cynthie Llopis,cllopisgx@bloglovin.com,+86 759 969 5152,MFU-EQK-C1W,68
611,Donnie Rosini,drosinigy@blogtalkradio.com,+380 512 293 7973,CGN-1VG-RQE,59
612,Bentlee Bineham,bbinehamgz@patch.com,+62 891 510 4457,LRD-4R4-A5K,71
613,Lindsay Mc Caughen,lmch0@parallels.com,+504 549 490 4146,3KF-2U0-82H,13
614,Jessee Schuelcke,jschuelckeh1@answers.com,+86 733 942 6066,SHV-4NQ-DGJ,5
615,Vinnie Petrus,vpetrush2@columbia.edu,+34 766 959 0247,DAZ-ZCN-Q6W,23
616,Ginni Callendar,gcallendarh3@spotify.com,+62 539 427 4417,ZJS-RH9-Z0M,14
617,Linn Dunckley,ldunckleyh4@cbslocal.com,+48 983 829 5574,2CK-3AP-47V,63
618,Adolph Astlett,aastletth5@nba.com,+966 543 696 3939,EZ4-7I5-EF8,57
619,Beilul Knoble,bknobleh6@joomla.org,+62 643 847 1691,9F0-OZT-4XE,52
620,Dalt Drever,ddreverh7@cargocollective.com,+86 855 765 4081,C00-SKK-PHT,25
621,Giacinta Lowde,glowdeh8@friendfeed.com,+598 241 911 0173,RX2-KGT-7CV,74
622,My Threadgill,mthreadgillh9@stumbleupon.com,+51 538 923 7622,GEH-6R9-BOO,2
623,Jedidiah Barkaway,jbarkawayha@disqus.com,+223 786 377 7639,IJ3-1QJ-B0G,16
624,Petronella Fisbburne,pfisbburnehb@fastcompany.com,+420 805 412 4593,6YP-868-HY0,57
625,Florenza Vigietti,fvigiettihc@edublogs.org,+86 328 306 1759,EM4-KGM-6V6,6
626,Jordain Slade,jsladehd@nps.gov,+86 115 565 1565,003-D5A-FGA,71
627,Paula Twinborne,ptwinbornehe@edublogs.org,+86 773 180 6339,MK4-EGK-K5W,27
628,Jody Kitchingman,jkitchingmanhf@posterous.com,+58 210 831 7606,YUW-XPL-5UI,1
629,Hanson Lyptrade,hlyptradehg@springer.com,+86 592 455 7604,M8C-E6D-SKW,55
630,Walt McNair,wmcnairhh@wikipedia.org,+351 194 634 6571,8R2-9D3-8ZX,47
631,Malissia Eshmade,meshmadehi@samsung.com,+251 895 685 7802,GNY-2SI-57G,70
632,Sybilla D'Enrico,sdenricohj@phoca.cz,+86 353 179 3650,JJ5-VGW-TPV,75
633,Leona Schinetti,lschinettihk@sbwire.com,+30 571 514 0170,8KK-H10-FPN,47
634,Corbin Hoovart,choovarthl@netscape.com,+7 713 873 6043,HI2-XM0-YW0,43
635,Aurilia Haulkham,ahaulkhamhm@wikimedia.org,+82 716 984 6759,3FA-MW2-OA7,28
636,Ingaborg Blemen,iblemenhn@google.it,+86 947 169 4876,QBZ-ICO-IKH,46
637,Wendel Walhedd,wwalheddho@nationalgeographic.com,+1 648 225 8229,8I2-67S-5A0,50
638,Sebastiano Stiff,sstiffhp@plala.or.jp,+81 773 481 0275,H6R-9O4-6R3,73
639,Urban Roads,uroadshq@arizona.edu,+374 135 618 0352,339-RMC-YLF,78
640,Dev Currey,dcurreyhr@intel.com,+1 183 613 7374,90U-E4I-E2I,45
641,Pandora Veale,pvealehs@deliciousdays.com,+33 620 349 1618,CHH-UCM-8P3,45
642,Francyne O' Bee,foht@skype.com,+420 516 387 6608,NFO-HT7-8TI,8
643,Lise Lunk,llunkhu@washingtonpost.com,+7 366 492 7795,1LK-3VH-P5Q,74
644,Ysabel Cuddehay,ycuddehayhv@cisco.com,+374 741 797 3738,18Y-3AY-P4X,4
645,Lionel Chard,lchardhw@fotki.com,+420 834 743 2101,1SK-P47-QTC,62
646,Rudy Tewnion,rtewnionhx@cpanel.net,+54 531 251 2782,F7E-6R1-MFC,52
647,Lynn Demageard,ldemageardhy@comcast.net,+62 696 533 0581,J3M-R6N-BUB,42
648,Amaleta Rickett,aricketthz@bing.com,+1 318 745 9817,6MV-4OX-2GD,44
649,Lorenzo Howorth,lhoworthi0@joomla.org,+86 551 362 2178,KS4-2V1-DH8,28
650,Regine Gruczka,rgruczkai1@scientificamerican.com,+86 321 345 6704,8IB-CXN-NR2,72
651,Rachelle Feldon,rfeldoni2@ucoz.com,+81 691 215 5664,Q0Y-WG2-E54,13
652,Melosa Elmhirst,melmhirsti3@xrea.com,+52 947 128 4893,VMG-GYF-WOG,25
653,Dal Castillon,dcastilloni4@gizmodo.com,+63 480 749 3038,11U-31H-2RU,45
654,Renard Wilce,rwilcei5@icq.com,+46 798 326 9153,TOP-L8A-AO7,4
655,Patton Jacomb,pjacombi6@issuu.com,+52 697 880 1510,8SM-YQE-7C6,25
656,Florette Licas,flicasi7@guardian.co.uk,+351 300 788 4931,5Y3-NMS-0D0,25
657,Dina Kemston,dkemstoni8@addtoany.com,+86 404 186 9397,VC1-OZK-Z2W,13
658,Claus Bownas,cbownasi9@biblegateway.com,+86 631 323 7841,4ZX-QWN-5ZE,50
659,Christie Whines,cwhinesia@foxnews.com,+57 819 756 2772,GSO-8OF-VGL,26
660,Joey Syer,jsyerib@unblog.fr,+1 665 660 4847,6JF-TM9-4DM,5
661,Ingeberg Cockshot,icockshotic@clickbank.net,+1 162 455 2878,GFA-RJ5-X9X,55
662,Aguie Tiffany,atiffanyid@a8.net,+52 807 206 2126,KO2-WIU-B2G,2
663,Drona Wyett,dwyettie@creativecommons.org,+1 542 428 4253,P4W-3GZ-GF9,19
664,Lethia Mallock,lmallockif@blogtalkradio.com,+86 660 845 8280,L2P-S6X-N6Y,26
665,Durant Danby,ddanbyig@census.gov,+48 141 807 5826,345-O12-BMT,13
666,Reid Loveless,rlovelessih@over-blog.com,+420 372 525 8008,N03-W10-PNI,45
667,Karlens Goford,kgofordii@archive.org,+86 927 877 0962,U6T-M5M-P3R,36
668,Shaylah Heinsius,sheinsiusij@bluehost.com,+86 694 187 1243,HVK-VN3-VQN,53
669,Lutero Cackett,lcackettik@booking.com,+507 590 676 6882,USP-D3S-LC9,32
670,Patsy Scamaden,pscamadenil@geocities.com,+86 922 721 9993,9VU-06R-70A,5
671,Jarrett Buchan,jbuchanim@flickr.com,+51 623 751 8668,KIV-L8D-B5N,15
672,Smith Jurczak,sjurczakin@tuttocitta.it,+374 179 432 2879,404-PEH-84B,25
673,Tirrell Really,treallyio@hhs.gov,+7 203 260 2931,94O-5G8-VN8,26
674,Jeniffer Pingston,jpingstonip@rambler.ru,+351 537 872 8054,WIJ-3LG-GZ6,30
675,Cindelyn Moulden,cmouldeniq@businessweek.com,+86 372 861 6431,NQU-H7H-7L8,57
676,Grissel Devil,gdevilir@weibo.com,+62 873 330 6961,XU7-F45-YG8,41
677,Jacquie Cluely,jcluelyis@si.edu,+62 736 842 7255,E66-IJ7-XCV,4
678,Frankie Feilden,ffeildenit@ucsd.edu,+86 561 949 0486,62Z-TV6-I8I,44
679,Alfredo Capaldo,acapaldoiu@virginia.edu,+86 356 848 7808,EW5-THS-24X,52
680,Valentina Manchester,vmanchesteriv@comcast.net,+86 387 374 1100,1GV-OCU-YUW,35
681,Gordon Connechie,gconnechieiw@miitbeian.gov.cn,+62 171 974 6209,GVC-431-GJI,74
682,Bunni Rewcastle,brewcastleix@flavors.me,+86 969 556 4660,OEE-4PG-W6S,32
683,Arlene Ramelet,arameletiy@ihg.com,+53 249 725 4717,4GB-KW9-CVE,30
684,Merill Rens,mrensiz@is.gd,+86 575 793 8596,LRE-07X-RDV,49
685,Aldis Alphege,aalphegej0@adobe.com,+7 775 670 9373,XGU-KAR-DGU,36
686,Dyann Fleis,dfleisj1@jugem.jp,+381 775 163 3761,IMI-UUI-AL1,78
687,Adara Larby,alarbyj2@simplemachines.org,+1 256 119 2507,KWP-GBW-HKW,59
688,Estrella Baulk,ebaulkj3@house.gov,+62 762 990 9114,DIK-ZRZ-WHI,10
689,Pattin Sivills,psivillsj4@chron.com,+380 157 819 8285,GV7-117-A1H,62
690,Benyamin Humbie,bhumbiej5@purevolume.com,+7 686 561 9625,A1Y-RVR-45J,10
691,Sheffield Mouser,smouserj6@businesswire.com,+420 821 821 6404,HCO-IMA-OT1,74
692,Padriac Hansen,phansenj7@sphinn.com,+1 679 528 6074,NZ4-4X7-WMS,75
693,Agata Cockshott,acockshottj8@bluehost.com,+52 359 848 1972,ZZ6-6YG-QLW,15
694,Clerkclaude Janway,cjanwayj9@nytimes.com,+55 495 450 5562,F2H-Q7Q-8N2,66
695,Anna-diane Lowten,alowtenja@indiatimes.com,+33 617 548 9871,YGJ-TJO-YXC,47
696,Marion Elintune,melintunejb@mit.edu,+237 852 911 6687,R3G-06K-0FZ,8
697,Terencio Dran,tdranjc@chronoengine.com,+7 572 367 7773,EUE-M1T-7KU,73
698,Yolane Stirgess,ystirgessjd@yandex.ru,+63 145 489 8819,1FJ-1T0-Q2R,33
699,Lethia Agent,lagentje@delicious.com,+86 784 454 1101,HUN-FET-DEX,5
700,Lorie Gotobed,lgotobedjf@comcast.net,+48 407 910 5718,UPT-30Z-VS5,19
701,Waylon Delacour,wdelacourjg@nps.gov,+36 818 454 5325,7DK-MR2-QE6,11
702,Virginia Albarez,valbarezjh@skype.com,+86 662 157 1953,0D0-3C8-YUU,33
703,Gare Seelbach,gseelbachji@sitemeter.com,+7 829 637 4984,WLA-O1W-938,60
704,Junia Topham,jtophamjj@un.org,+58 133 886 7964,NF5-6UQ-QYK,26
705,Doria Lexa,dlexajk@networksolutions.com,+242 118 741 5521,WMI-8PU-IRH,17
706,Gerry Sutter,gsutterjl@nbcnews.com,+504 631 553 7889,7YC-PZQ-7DV,47
707,Maribel Chateau,mchateaujm@dailymotion.com,+57 237 757 7912,8TU-MUT-ZPI,43
708,Lexy Valett,lvalettjn@arstechnica.com,+93 242 679 1152,U0N-USZ-D64,80
709,Jobi Harmer,jharmerjo@nationalgeographic.com,+504 583 311 9841,YQ7-8V2-Q6L,3
710,Tobie Mounsey,tmounseyjp@upenn.edu,+996 617 471 9572,OYO-0OE-TK8,59
711,Cloe Gillford,cgillfordjq@hexun.com,+380 100 975 1027,NA8-RGI-OHU,46
712,Harriett Ales0,halesjr@japanpost.jp,+264 312 907 5556,YEX-NBG-1WT,70
713,Giorgia Bernadon,gbernadonjs@timesonline.co.uk,+86 349 673 7911,9K2-3S9-EO9,37
714,Sigvard Cristofolini,scristofolinijt@drupal.org,+86 424 928 5666,H1O-2WC-CH7,47
715,Gwen Cross,gcrossju@oaic.gov.au,+389 369 147 5368,6XF-4IO-1PG,62
716,Donni Sebrook,dsebrookjv@wired.com,+52 727 822 5205,BYH-ARX-DGH,17
717,Loreen Wackley,lwackleyjw@disqus.com,+357 145 618 3834,M71-EO2-MJ4,2
718,Moira Veltman,mveltmanjx@surveymonkey.com,+692 663 259 1964,0DK-XQO-9CA,80
719,Jany Stonier,jstonierjy@china.com.cn,+420 352 245 1257,L11-A7F-RLE,78
720,Fransisco Duffus,fduffusjz@domainmarket.com,+98 383 349 3101,G2Y-9X0-2WK,47
721,Damon Trobe,dtrobek0@barnesandnoble.com,+86 571 242 2034,NZ0-6ZR-QXD,21
722,Dean Tryme,dtrymek1@blogger.com,+86 177 915 2024,9EX-EAC-MS3,35
723,Savina Mudie,smudiek2@usgs.gov,+62 762 814 7702,9ZO-BAK-K4Y,6
724,Base Veysey,bveyseyk3@umn.edu,+62 801 338 4439,PO3-1HR-3DJ,72
725,Roxana Rainsbury,rrainsburyk4@ning.com,+351 548 487 6648,FIE-4V3-5D5,44
726,Dannel Fanshaw,dfanshawk5@is.gd,+385 522 859 7033,9OT-C7W-W73,34
727,Haskel Quaife,hquaifek6@studiopress.com,+55 310 387 1151,XWO-W9K-V8C,4
728,Vasili Detloff,vdetloffk7@t.co,+62 327 920 2315,RH5-6I2-M5R,40
729,Cherin Batchley,cbatchleyk8@dedecms.com,+86 170 721 3263,O4K-W2R-KN8,34
730,Joann Alelsandrowicz,jalelsandrowiczk9@dmoz.org,+86 198 427 6505,BQ8-GT6-MGJ,39
731,Wyn Slaght,wslaghtka@bloglovin.com,+353 130 243 0299,6FR-0VP-5A9,49
732,Jo Wickham,jwickhamkb@npr.org,+371 209 620 7331,2TD-CIR-WL1,25
733,Antonius Mazonowicz,amazonowiczkc@dropbox.com,+81 666 137 1039,54L-U3G-0FE,79
734,Roxi Mebes,rmebeskd@ihg.com,+62 511 528 9508,FLA-IAX-BYV,72
735,Jaquith Rickardes,jrickardeske@dmoz.org,+54 124 913 4336,R23-W2B-OQA,16
736,Emmet Davydenko,edavydenkokf@about.me,+86 959 496 1175,AER-9Y4-GJE,42
737,Nate Andretti,nandrettikg@google.com.br,+374 786 452 9373,MA5-P62-XMG,14
738,Hilary Isley,hisleykh@guardian.co.uk,+46 211 776 6641,87L-9CQ-E8P,29
739,Edita Cann,ecannki@ow.ly,+48 288 792 4688,SG3-VLM-25R,57
740,Hussein Benner,hbennerkj@seesaa.net,+387 770 202 6772,AAU-462-CLE,44
741,Hal Hazley,hhazleykk@uiuc.edu,+63 993 600 8857,NW2-1OI-R9J,69
742,Jule Grimes,jgrimeskl@state.gov,+63 716 522 3480,PMM-UUB-VZ2,65
743,George Ellesworthe,gellesworthekm@chicagotribune.com,+62 633 783 9042,0UI-XQC-1EK,31
744,Yetty Bernette,ybernettekn@webeden.co.uk,+61 691 225 4634,IGD-SST-MS1,25
745,Dania Caplen,dcaplenko@irs.gov,+86 932 989 1837,ODK-3WU-33Q,49
746,Katinka Elcox,kelcoxkp@seattletimes.com,+692 512 272 1925,2KX-F58-NQN,73
747,Madlin Buntain,mbuntainkq@over-blog.com,+389 793 151 4527,ROR-RFP-6IH,7
748,Liam Merrgen,lmerrgenkr@scientificamerican.com,+30 934 861 9029,09L-TWL-RHH,3
749,Becky Dow,bdowks@intel.com,+48 568 510 7683,28X-RWI-X27,68
750,Cam Gergler,cgerglerkt@soundcloud.com,+92 332 261 8447,IVR-7BH-59H,63
751,Husein Rodriguez,hrodriguezku@usgs.gov,+63 660 666 4341,BTT-WBA-RZC,30
752,Debee Rouse,drousekv@theatlantic.com,+63 506 318 4256,R1R-P8Q-QKG,3
753,Feliza Tenbrug,ftenbrugkw@smh.com.au,+420 420 635 3260,PG4-JBL-QQN,75
754,Nancee Campanelli,ncampanellikx@state.gov,+57 730 340 0750,YRW-XQM-58E,43
755,Carrie Robarts,crobartsky@sitemeter.com,+7 406 761 2494,7PD-KX5-0V9,78
756,Kandace Dinnis,kdinniskz@rakuten.co.jp,+86 692 167 9615,RXB-5EU-2F9,48
757,Karee Gilbert,kgilbertl0@europa.eu,+62 115 359 5203,08I-VOG-0XJ,74
758,Elayne Baise,ebaisel1@yellowbook.com,+86 276 819 8200,D5G-ZFR-LNH,7
759,Philbert Leftbridge,pleftbridgel2@parallels.com,+49 514 354 2282,UD0-X71-153,73
760,Sayers Dalmon,sdalmonl3@simplemachines.org,+225 448 725 2169,8JO-BM8-7AT,24
761,Chip Curless,ccurlessl4@discuz.net,+255 898 849 0841,SQJ-CM4-DSB,64
762,Sacha Nottingham,snottinghaml5@aol.com,+86 343 165 8134,UH9-2D5-2YJ,46
763,Gunter Hindshaw,ghindshawl6@upenn.edu,+33 169 544 2513,6MB-BRB-2L1,30
764,Beth Henworth,bhenworthl7@cafepress.com,+257 182 263 7805,MCP-UOH-10O,78
765,Thacher Cockerton,tcockertonl8@cdc.gov,+234 372 956 5867,QHL-SOZ-U9V,39
766,Ernest Rubanenko,erubanenkol9@nba.com,+63 783 304 6442,RMB-FAV-EFY,29
767,Gideon Bastard,gbastardla@nationalgeographic.com,+66 956 328 1330,T60-798-RN3,13
768,Bjorn Ilyasov,bilyasovlb@spotify.com,+62 760 169 4602,2C5-6M1-UBR,75
769,Seumas Kingsnorth,skingsnorthlc@bbc.co.uk,+55 915 186 2359,K8F-HQS-8FF,35
770,Lotti Lavin,llavinld@acquirethisname.com,+591 295 283 9634,SLW-BKU-7D9,16
771,Carol Sheldrake,csheldrakele@princeton.edu,+62 685 618 4520,IRU-87B-75D,7
772,Eddie Coldrick,ecoldricklf@skype.com,+7 940 665 3875,QRR-DF7-12F,35
773,Eldridge Cicconettii,ecicconettiilg@youku.com,+86 296 547 9732,8UD-OLK-27U,27
774,Angelita Archbald,aarchbaldlh@dedecms.com,+86 157 842 6930,HEI-4J3-S4E,47
775,Hieronymus Loseby,hlosebyli@ameblo.jp,+31 437 870 1490,ZEY-JLI-J6L,59
776,Nadia Lunny,nlunnylj@sciencedirect.com,+27 233 899 7301,9T6-SA9-00A,17
777,Malchy Farnfield,mfarnfieldlk@ucla.edu,+86 537 277 0150,VBU-PUZ-OFP,40
778,Myron Tellenbach,mtellenbachll@1und1.de,+86 131 532 7884,HC1-6P1-7JL,71
779,Shel Chappell,schappelllm@xrea.com,+86 893 554 4634,76K-OI2-XYE,13
780,Waldo Beneze,wbenezeln@businesswire.com,+505 830 381 3614,CU1-5UR-UXV,41
781,Ines Poppleton,ipoppletonlo@dmoz.org,+30 434 954 7945,VMY-4XA-TQT,36
782,Gerianne Toplis,gtoplislp@networkadvertising.org,+48 305 524 2652,K8M-LS8-89L,77
783,Clementine Clampe,cclampelq@delicious.com,+55 706 800 8947,J2T-442-D4C,34
784,Jessi Kamall,jkamalllr@desdev.cn,+60 549 947 4155,9ZW-L0R-4JK,36
785,Dehlia Valentine,dvalentinels@delicious.com,+962 504 964 2077,CLE-IZ9-78Z,35
786,Mohandis Borthwick,mborthwicklt@scientificamerican.com,+46 423 519 0669,GIM-5N9-4BA,14
787,Hildegarde Axe,haxelu@comsenz.com,+84 265 184 2368,0LJ-LBE-NUC,60
788,Cindra Paridge,cparidgelv@mtv.com,+86 931 280 9408,9PN-U17-3YY,52
789,Lindon Nesfield,lnesfieldlw@imdb.com,+63 603 312 0103,TZT-4D0-RUY,19
790,Hedi Phizackarley,hphizackarleylx@vinaora.com,+52 386 375 1221,PJS-O6K-W4P,58
791,Ruprecht Cardall,rcardallly@answers.com,+7 827 245 0992,JWS-J57-KL5,20
792,Adrian Hennemann,ahennemannlz@blog.com,+852 658 695 4120,Y2S-XFL-DW5,34
793,Hakim Westerman,hwestermanm0@4shared.com,+55 513 433 4080,LVV-V7O-BTO,56
794,Rycca Henzley,rhenzleym1@about.me,+46 987 643 2069,ATJ-92Y-7L0,77
795,Florrie Fabler,ffablerm2@51.la,+86 148 239 9749,DCU-IPM-HDV,79
796,Merralee Scott,mscottm3@disqus.com,+7 505 686 1872,BQ0-KBM-SR9,38
797,Harriot Petschel,hpetschelm4@geocities.jp,+51 338 128 2881,5W5-AGE-F8F,49
798,Frayda Hutchinges,fhutchingesm5@exblog.jp,+62 360 702 3366,NC6-D6O-ZHR,3
799,Silvano Groom,sgroomm6@forbes.com,+81 899 450 1839,FM3-6NM-B07,76
800,Gertrudis Britt,gbrittm7@tinyurl.com,+86 451 689 8981,VNT-C27-OGT,1
801,Angel Duer,aduerm8@oaic.gov.au,+234 376 412 6239,AJT-9SG-EYE,43
802,Claudell Ashleigh,cashleighm9@jimdo.com,+222 226 639 3042,C8E-E7G-782,60
803,Lurette Axleby,laxlebyma@acquirethisname.com,+62 316 976 2952,ALE-CV4-TUE,72
804,Andeee Fleckness,aflecknessmb@adobe.com,+234 806 380 9888,4C2-TNF-YLE,22
805,Harold Freezor,hfreezormc@abc.net.au,+235 903 737 4515,SY4-8OX-UIE,55
806,Rori Ebrall,rebrallmd@moonfruit.com,+86 395 948 6961,JGM-T6S-MD4,76
807,Barby Tomasz,btomaszme@about.me,+62 134 545 7230,0YM-IB9-GU5,69
808,Bev Guerola,bguerolamf@facebook.com,+355 593 836 7232,WQI-QXX-EPT,70
809,Clive Caneo,ccaneomg@google.de,+7 654 742 2569,D0R-IM8-O0G,36
810,Nance Earengey,nearengeymh@washington.edu,+33 932 901 4285,J3X-87R-7X8,78
811,Samuel Chaudron,schaudronmi@wikispaces.com,+33 527 472 0117,UC3-0Z2-T3C,46
812,Di Filyaev,dfilyaevmj@samsung.com,+58 893 334 2207,J2Y-C5R-2PT,48
813,Wesley Callender,wcallendermk@github.io,+86 924 757 0592,11S-A8I-CYT,54
814,Whitaker De Mitris,wdeml@prnewswire.com,+86 637 993 4703,H7W-P88-8I4,14
815,Fionnula Beament,fbeamentmm@1688.com,+86 597 446 0383,AGC-JBI-2CH,15
816,Mikael Klamp,mklampmn@mail.ru,+62 174 728 6099,SZ8-XWS-Y1A,39
817,Tildi McIlwrick,tmcilwrickmo@barnesandnoble.com,+380 489 838 7273,TD9-55P-YZS,24
818,Miguel Ixer,mixermp@altervista.org,+7 258 334 0039,51U-38U-KNJ,45
819,Syd Aireton,sairetonmq@parallels.com,+48 431 147 1041,QCT-1CT-B0D,29
820,Rand Habbert,rhabbertmr@amazon.de,+82 157 502 5430,KPK-T8L-8UU,36
821,Randolph Iorio,riorioms@meetup.com,+86 717 515 9259,0VF-RPH-Z4Q,4
822,Tim Championnet,tchampionnetmt@auda.org.au,+234 838 179 5285,U71-PEQ-I8S,78
823,Jany Edinburough,jedinburoughmu@irs.gov,+55 608 123 0990,BIA-1OT-HDZ,71
824,Athene Pattrick,apattrickmv@nydailynews.com,+62 141 951 5417,G99-HWY-FN9,19
825,Venus Hengoed,vhengoedmw@aboutads.info,+265 690 982 5676,7HM-WVT-LPW,42
826,Richart O'Logan,rologanmx@usgs.gov,+235 337 941 6001,L2D-S0S-OFW,58
827,Michaeline Antcliffe,mantcliffemy@cocolog-nifty.com,+62 654 474 2720,QIQ-2FI-0QZ,10
828,Bobbee Hanmore,bhanmoremz@creativecommons.org,+62 775 322 9295,L3K-DF5-QFZ,73
829,Tracy Wyburn,twyburnn0@ucoz.ru,+86 538 401 1911,F32-2KY-5P9,63
830,Baxy Szepe,bszepen1@pagesperso-orange.fr,+1 904 445 0808,QIJ-400-828,46
831,Clarice Petrulis,cpetrulisn2@blogspot.com,+998 515 233 5089,NF6-25P-D53,19
832,Celene Samwaye,csamwayen3@msn.com,+63 873 552 7934,P8C-AX3-RDJ,76
833,Redd Summerson,rsummersonn4@go.com,+86 308 784 1868,FXU-KAG-ZH4,26
834,Casey Roddan,croddann5@blog.com,+86 627 750 8565,45R-MY8-3EM,35
835,Leese Denniss,ldennissn6@barnesandnoble.com,+62 664 510 9781,NLB-DD6-VA0,19
836,Zolly McKeand,zmckeandn7@statcounter.com,+86 732 207 6458,9YX-57R-HLV,73
837,Lucina Mayhow,lmayhown8@bluehost.com,+996 378 495 9398,6PQ-S9U-UH9,27
838,Windy Grigoryev,wgrigoryevn9@youtube.com,+95 262 235 4201,J42-RNY-KH3,46
839,Mela Quested,mquestedna@myspace.com,+63 368 779 9492,UEI-A8N-H1H,6
840,Alonso Mundell,amundellnb@vistaprint.com,+352 110 433 3329,LQ5-ELM-7D4,46
841,Katee Abelevitz,kabelevitznc@globo.com,+92 906 960 1385,SOV-0S4-7D2,32
842,Lorine Flaune,lflaunend@paypal.com,+86 844 695 8767,3YE-1MM-F97,31
843,Evonne Figiovanni,efigiovannine@jugem.jp,+86 202 793 9655,6E1-72W-PAZ,43
844,Ros Tankin,rtankinnf@marketwatch.com,+1 935 566 0310,6JC-BBM-1ZT,27
845,Ranique Hancke,rhanckeng@meetup.com,+1 303 414 7431,OZF-31W-K3F,75
846,Micah Hindenburg,mhindenburgnh@hp.com,+966 334 678 8525,1IW-4QW-SBM,7
847,Chiquia Fraschetti,cfraschettini@cbslocal.com,+351 547 326 3732,HG3-C4L-52U,77
848,Brita Clute,bclutenj@purevolume.com,+86 146 632 3351,HE6-JMJ-0AF,37
849,Franciska Slemmonds,fslemmondsnk@mtv.com,+62 883 955 3194,H8G-HV5-W4S,18
850,Rutherford Burdass,rburdassnl@ca.gov,+33 156 208 3607,1KT-690-5AE,23
851,Rollins Steinor,rsteinornm@gmpg.org,+230 417 419 6947,HX0-4WN-ATX,76
852,Margery McCrillis,mmccrillisnn@xing.com,+86 508 151 0680,UCA-049-P23,26
853,Kim Gainfort,kgainfortno@godaddy.com,+63 770 676 5321,1UX-JO8-J6D,52
854,Melly Garlant,mgarlantnp@elpais.com,+33 259 286 3126,8RN-GOG-82N,15
855,Inga Titterington,ititteringtonnq@about.me,+502 813 753 7835,GYL-V8L-0L1,19
856,Ewan Crowthe,ecrowthenr@blogspot.com,+92 740 938 3497,YG8-XER-VSQ,14
857,Athene Hawarden,ahawardenns@ihg.com,+7 431 518 1177,7XK-K1R-PUN,17
858,Shaylah Feares,sfearesnt@nature.com,+358 713 274 6774,8SV-ORT-6CY,17
859,Benjie Ping,bpingnu@lulu.com,+30 574 569 6194,SBW-3RZ-XJD,55
860,Nola Le Noury,nlenv@free.fr,+46 634 635 2265,H5G-E5Y-YWV,46
861,Natasha Entres,nentresnw@google.com.au,+234 554 747 6392,VCM-ALK-JID,57
862,Klement Lewzey,klewzeynx@trellian.com,+62 328 974 2525,NAR-KC5-WQ8,46
863,Myrtie Tytherton,mtythertonny@fc2.com,+62 414 695 8370,IJD-EFJ-EY5,36
864,Ettie Callen,ecallennz@geocities.com,+358 177 996 1232,K7X-NM8-60U,9
865,Trevor Trowsdall,ttrowsdallo0@surveymonkey.com,+234 556 703 3221,FNC-HNA-IOQ,21
866,Stafani Sherbourne,ssherbourneo1@howstuffworks.com,+81 513 218 5841,BR8-J6C-CLU,40
867,Essy Damper,edampero2@amazon.com,+504 865 129 5447,HOX-JR8-UN0,9
868,Karalynn Kolczynski,kkolczynskio3@skype.com,+7 435 484 8598,VIP-JAS-WCM,55
869,Krystal Andrys,kandryso4@bandcamp.com,+86 144 936 5543,II7-0O8-ZG6,54
870,Neala Kraft,nkrafto5@imageshack.us,+86 193 127 0642,EN5-VIA-AAA,1
871,Donella Marioneau,dmarioneauo6@intel.com,+358 966 179 5086,BVY-CQA-O4F,65
872,Bobby Necolds,bnecoldso7@earthlink.net,+86 844 455 6822,KDA-WI9-ZW6,11
873,Elinore Sarjent,esarjento8@nsw.gov.au,+86 956 307 8493,RUS-DIW-R7N,62
874,Martin McKenney,mmckenneyo9@t-online.de,+56 598 355 5784,GZM-JOY-ZRS,66
875,Kimberley Gidden,kgiddenoa@t-online.de,+62 419 345 8251,4W8-GNP-0SY,7
876,Camala Volcker,cvolckerob@gov.uk,+66 262 894 8412,HG6-GT2-2E5,57
877,Benoit Quesne,bquesneoc@thetimes.co.uk,+232 215 220 3348,JHK-OXI-KIB,71
878,Avictor Kurdani,akurdaniod@jimdo.com,+33 160 602 1563,ZNA-CJ8-PYR,33
879,Udall Tunn,utunnoe@flavors.me,+48 486 113 9702,7NK-6ER-BXM,6
880,Garv La Batie,glaof@smugmug.com,+63 408 401 0345,Q5Z-6WB-Q7Y,36
881,Jonathan St. Quintin,jstog@sitemeter.com,+62 754 656 7947,13F-HS6-4F1,27
882,Killian Wimsett,kwimsettoh@cdbaby.com,+81 319 367 8914,QBH-XEJ-VBF,40
883,Guido Berthon,gberthonoi@globo.com,+86 103 186 0947,YCS-J4N-Y10,42
884,Kitty Wensley,kwensleyoj@skyrock.com,+86 957 593 2396,FK1-0SO-G1Q,27
885,Annetta Weddup,aweddupok@simplemachines.org,+93 305 463 1596,R7V-3Z8-RYK,22
886,Brodie Casa,bcasaol@lulu.com,+593 665 149 0537,QT4-KXQ-LEL,30
887,Ronna Riping,rripingom@rambler.ru,+62 148 923 4275,U0Y-OGL-RPY,9
888,Benoit Andrzejczak,bandrzejczakon@weather.com,+55 546 553 6239,LSK-IJ5-0VN,26
889,Abigale Thorp,athorpoo@state.gov,+84 923 602 1517,D4M-H2S-YRH,80
890,Worden Leng,wlengop@msn.com,+358 956 465 0694,P28-AU9-AEC,12
891,Cindee Chapelhow,cchapelhowoq@domainmarket.com,+971 155 812 2232,COL-XHB-9ZL,68
892,Selby Tomlett,stomlettor@clickbank.net,+998 849 589 4865,GRA-87X-E1C,78
893,Carlin Tirte,ctirteos@linkedin.com,+381 911 145 2090,JPU-KX7-7HG,2
894,Kelly Chawner,kchawnerot@tiny.cc,+86 875 621 3928,HIP-33I-6UA,41
895,Diego Gainor,dgainorou@vistaprint.com,+48 534 148 2214,51K-KJ8-YDY,60
896,Giacopo Quadrio,gquadrioov@elegantthemes.com,+351 481 399 1378,5GP-1QT-EEQ,12
897,Andrus Rossi,arossiow@cornell.edu,+63 875 700 6191,6KW-XH9-MYR,22
898,Chev Lambarth,clambarthox@spotify.com,+62 147 810 1369,ZRL-SST-1CW,22
899,Margeaux Fleming,mflemingoy@blinklist.com,+1 714 750 3576,HMX-3J2-U1H,28
900,Aldon Bownes,abownesoz@unesco.org,+225 909 697 1192,HXK-NQ6-IKL,74
901,Ora Boston,obostonp0@about.com,+63 694 269 7132,GDV-G96-31E,68
902,Vanna Memory,vmemoryp1@springer.com,+7 270 626 8274,X6Q-DRZ-CSU,44
903,Dominic Wallhead,dwallheadp2@odnoklassniki.ru,+33 378 245 9776,HFA-RV4-JDB,72
904,Correna Maddox,cmaddoxp3@jugem.jp,+51 726 551 0009,HKC-BTB-9TH,60
905,Tamar Hann,thannp4@craigslist.org,+7 404 865 4221,MWK-EBI-5OH,66
906,Bill Rumens,brumensp5@wikipedia.org,+51 181 853 8730,ZOM-IBB-SWZ,61
907,Janelle Kneafsey,jkneafseyp6@time.com,+66 667 465 3666,7DV-W4L-TGR,4
908,Lincoln O' Lone,lop7@npr.org,+977 242 762 4105,K2X-0W0-2XE,23
909,Dore Redwin,dredwinp8@home.pl,+223 308 302 2571,EFW-1C6-CJZ,19
910,Lek Fain,lfainp9@ucoz.ru,+86 769 742 4202,Q98-ORQ-BFK,20
911,Booth Keaveney,bkeaveneypa@unblog.fr,+7 446 620 1114,2AT-K1E-T8W,14
912,Bram Bernardeschi,bbernardeschipb@noaa.gov,+30 591 298 3191,T9B-W3M-SJ4,44
913,Wilma Ballister,wballisterpc@tinypic.com,+86 379 384 1534,BEW-I5W-PCI,55
914,Baxter Farlamb,bfarlambpd@wordpress.com,+691 941 685 0492,WWD-3H0-6G8,30
915,Darleen St Ange,dstpe@patch.com,+266 501 343 9611,77O-SHV-O6V,6
916,Morry Marrow,mmarrowpf@twitter.com,+7 668 466 4889,QT4-V7X-17G,28
917,Elvyn Poel,epoelpg@vkontakte.ru,+46 922 666 6316,9EK-799-D4L,57
918,Rafa Kiraly,rkiralyph@imdb.com,+86 751 749 4359,ZVV-II0-QSF,44
919,Darbee Freeburn,dfreeburnpi@seattletimes.com,+967 557 492 4039,T8D-FNV-TBX,18
920,Gaspar Fenners,gfennerspj@freewebs.com,+252 215 197 0625,B93-NCO-SQB,68
921,Juieta Matskevich,jmatskevichpk@reverbnation.com,+212 290 298 5596,0XM-4B4-HSA,17
922,Frederique Abrahamowitcz,fabrahamowitczpl@friendfeed.com,+86 261 318 3819,D5N-W9W-1TR,42
923,Andrus Knagges,aknaggespm@cpanel.net,+48 186 746 0748,DB6-Q9W-2IY,18
924,Clementine Grace,cgracepn@accuweather.com,+86 605 395 6353,IX0-KSH-37D,39
925,Rosalinda Outright,routrightpo@seesaa.net,+41 150 395 4235,E8Z-ZJW-JD1,71
926,Kiley Margarson,kmargarsonpp@google.it,+507 462 962 9129,JP6-PHJ-HWQ,76
927,Dulcine Farfoot,dfarfootpq@unicef.org,+359 851 663 0948,CF4-XX6-QSY,14
928,Kelley Leppo,kleppopr@shutterfly.com,+82 179 471 4481,GG4-3ZT-B3J,61
929,Sascha Hatje,shatjeps@usnews.com,+63 567 889 0737,IQC-7ZE-6RQ,68
930,Ichabod Clutten,icluttenpt@tripod.com,+48 182 237 7390,OOT-ZDM-E7R,1
931,Kial Lethbrig,klethbrigpu@indiegogo.com,+351 560 961 6224,YZC-OWC-W36,10
932,Clare Cluitt,ccluittpv@dion.ne.jp,+86 103 143 3433,LL5-O69-3I5,35
933,Kippie Napoleon,knapoleonpw@goo.gl,+33 760 331 2687,LXW-QBC-0D5,79
934,Nathan Thorley,nthorleypx@japanpost.jp,+66 926 538 3949,AXH-SHA-RXT,80
935,Lillian Beswetherick,lbeswetherickpy@desdev.cn,+7 382 390 1466,B4B-QEO-VS7,13
936,Jessamine Fulker,jfulkerpz@youtu.be,+62 201 657 2170,WPL-VP0-K1C,42
937,Benyamin Yglesia,byglesiaq0@sina.com.cn,+86 194 659 4965,8JP-TRH-UIY,13
938,Lilias MacVay,lmacvayq1@hhs.gov,+63 186 543 2782,7WL-9HG-E0U,71
939,Maximilien Arnet,marnetq2@trellian.com,+57 933 501 6012,UKD-W13-UD7,50
940,Geoffry Coon,gcoonq3@cornell.edu,+62 584 413 4427,D94-6FO-J4W,50
941,Alisa Klais,aklaisq4@eepurl.com,+230 794 945 1196,0DS-CSO-ENY,54
942,Theda Dukesbury,tdukesburyq5@apple.com,+66 197 448 0544,HZF-I60-EI5,58
943,Noah Beidebeke,nbeidebekeq6@google.ru,+86 148 846 6393,HEG-M6Z-GCW,77
944,Cayla Sirrell,csirrellq7@1und1.de,+420 964 545 0299,VS6-A13-9N0,3
945,Aeriel Labes,alabesq8@a8.net,+63 409 458 7778,SL2-54Q-O2W,72
946,Madlen Paolo,mpaoloq9@hugedomains.com,+55 763 228 0244,COZ-2MS-PE8,7
947,Devina Iseton,disetonqa@disqus.com,+998 476 776 6496,1BQ-711-QZ6,51
948,Albrecht Duignan,aduignanqb@ehow.com,+381 624 541 9002,HGH-JA0-BID,36
949,Wilfred Yate,wyateqc@sogou.com,+63 529 130 3461,7S4-OLR-NAE,15
950,Celine Stainton,cstaintonqd@amazonaws.com,+55 322 767 0929,S3Z-U65-4PG,44
951,Keri Houten,khoutenqe@uol.com.br,+63 763 587 6930,341-G3R-FQO,6
952,Riccardo Sidon,rsidonqf@shinystat.com,+351 890 529 6225,CRF-GFU-ILQ,48
953,Stafani Chazelle,schazelleqg@arizona.edu,+66 875 867 4116,YN2-NGP-NHC,28
954,Wait Martensen,wmartensenqh@xrea.com,+62 472 637 6570,KAW-SLG-QU5,24
955,Lisle Capelin,lcapelinqi@ox.ac.uk,+86 682 371 3437,MKB-GHZ-LKI,55
956,Bertie Noone,bnooneqj@slate.com,+48 825 406 4538,4F6-DXQ-AHY,6
957,Gene Grabban,ggrabbanqk@scientificamerican.com,+63 592 331 6317,HJD-2QA-W2C,46
958,Kris Watkiss,kwatkissql@yale.edu,+62 262 106 8595,77M-7Y4-5LA,14
959,Percy Rushforth,prushforthqm@apple.com,+63 332 957 2855,23F-VZG-FT6,51
960,Gregor Salle,gsalleqn@china.com.cn,+963 666 934 5371,5SE-DYL-7RO,15
961,Mathe Murrock,mmurrockqo@irs.gov,+502 896 683 2380,2D0-DTP-B44,33
962,Cornelia Callaway,ccallawayqp@japanpost.jp,+269 294 428 8832,5U3-PFL-KD8,64
963,Durward Speare,dspeareqq@whitehouse.gov,+86 259 167 1748,R29-GF0-JFF,68
964,Micki Tadd,mtaddqr@google.ca,+7 621 162 8132,79I-QAE-5GV,71
965,Stephen Akred,sakredqs@goo.gl,+1 865 169 1495,VQF-ZM8-UPN,39
966,Sigismundo Charopen,scharopenqt@ow.ly,+58 228 200 5465,K0M-E2H-PZN,38
967,Kelci Scedall,kscedallqu@about.com,+30 436 539 1165,ZJQ-EBD-B1R,44
968,Harp Cheasman,hcheasmanqv@paypal.com,+353 839 985 7525,836-DXW-6JF,34
969,Sibelle Husthwaite,shusthwaiteqw@dailymail.co.uk,+86 619 746 9814,PL4-XP2-7GN,66
970,Amory Bofield,abofieldqx@flickr.com,+374 904 798 5378,L6M-C4W-XXD,73
971,Laurie Saggs,lsaggsqy@bloglovin.com,+86 846 354 3722,52G-BSX-7LF,70
972,Willdon Heinert,wheinertqz@feedburner.com,+267 869 198 9031,KBM-4FW-P7V,3
973,Nahum Caveney,ncaveneyr0@smugmug.com,+86 820 503 1718,WPM-497-Z7K,17
974,Noelle Broadhead,nbroadheadr1@spotify.com,+86 166 707 6674,Q5P-71O-M8I,26
975,Eugen Stanner,estannerr2@forbes.com,+49 962 535 8676,FPQ-QXV-UT2,33
976,Aggy Wyd,awydr3@etsy.com,+501 562 100 1906,NBE-2VO-JQ3,19
977,Zebadiah Martinello,zmartinellor4@psu.edu,+86 531 345 5683,X7L-Y1A-G80,48
978,Junina Belton,jbeltonr5@mediafire.com,+375 427 311 3584,X2X-7VE-PL1,58
979,Brewer Tringham,btringhamr6@taobao.com,+967 864 596 1136,SFX-ZC3-Z87,69
980,Octavia Darte,odarter7@mtv.com,+86 499 446 7814,RBB-Y72-MB2,4
981,Newton McColley,nmccolleyr8@google.ru,+62 801 814 5244,7M5-PGE-NBR,4
982,Perkin Grisbrook,pgrisbrookr9@spotify.com,+55 678 107 2332,P9L-2LH-4RO,74
983,Isadora Emanuelov,iemanuelovra@earthlink.net,+86 635 968 6524,PYC-FAQ-HKU,1
984,Domeniga Craft,dcraftrb@cafepress.com,+351 809 286 6491,JQ3-YE1-IDD,34
985,Marna Trevaskiss,mtrevaskissrc@51.la,+57 400 472 3281,10T-GU4-YYD,36
986,Marin Cristofalo,mcristofalord@google.fr,+62 211 299 6406,4IN-PMO-TPH,8
987,Francklyn Wonham,fwonhamre@devhub.com,+86 771 851 4819,9AO-FWP-6D3,77
988,Elke Jochen,ejochenrf@reuters.com,+86 712 195 3260,EQK-A5A-THI,37
989,Madge Biset,mbisetrg@spotify.com,+46 901 562 6264,L5D-X9O-FFO,23
990,Guntar Dods,gdodsrh@furl.net,+7 317 657 7630,MID-7W8-7RX,51
991,Trey Matic,tmaticri@admin.ch,+33 616 255 6712,9Z1-1QW-4IF,48
992,Chevalier Kull,ckullrj@mail.ru,+234 577 182 3362,CXA-FD9-LMD,8
993,Brenden Jouannin,bjouanninrk@ca.gov,+62 904 605 0502,5AQ-S97-S3Y,21
994,Powell Tolliday,ptollidayrl@twitter.com,+33 653 769 1821,RN7-YO0-V9W,75
995,Coleen O' Driscoll,corm@1und1.de,+48 617 358 1042,UZ6-9IV-7KV,21
996,Toiboid Stell,tstellrn@columbia.edu,+374 387 529 9610,RD8-FGL-6DV,20
997,Joyce Kassel,jkasselro@berkeley.edu,+30 164 416 0800,VKN-KJH-O89,56
998,Shaughn Stallan,sstallanrp@nba.com,+86 499 609 1943,ON1-XAB-9OT,1
999,Marcille Furnell,mfurnellrq@1688.com,+86 496 928 0193,YJC-F2G-3MQ,36
1000,Stevie Ianne,siannerr@tinypic.com,+62 927 221 0280,PBA-POD-7SH,1
